"id","sector","variable","definicion","unidad","frecuencia","geografia","canal","rezago_hipotesis","fuente_url","prioridad","rol","disponibilidad","rol_filtro","mesa_origen","estado_integracion"
"MF_FX_OFFICIAL","Divisas","Cambio oficial compra/venta","Cotización BOB por USD conservando ambas puntas y fecha de vigencia","BOB/USD","diaria","Bolivia","Valuación de contratos y conversión contable","0-3 meses","https://www.bcb.gob.bo/?q=content%2Fsector-externo-0","P0","condicionante","Página o documento primario localizado; serie exacta endpoint histórico y derechos pendientes","CONDICIONANTE","Macroeconomia y finanzas","CANDIDATA_POR_CONCILIAR_CON_MODULOS_EXISTENTES"
"MF_FX_REFERENCE","Divisas","Cambio referencial publicado","Referencia bancaria vigente si la autoridad publica serie distinta de la oficial; conservar metodología","BOB/USD","diaria propuesta","Bolivia","Costo observable de operaciones autorizadas","0-3 meses","https://www.bcb.gob.bo/?q=content%2Fsector-externo-0","P0","condicionante","Página o documento primario localizado; serie exacta endpoint histórico y derechos pendientes","CONDICIONANTE","Macroeconomia y finanzas","CANDIDATA_POR_CONCILIAR_CON_MODULOS_EXISTENTES"
"MF_FX_EFFECTIVE","Divisas","Costo efectivo de acceso a divisas","Monto BOB pagado dividido entre USD netos recibidos incluyendo comisiones por canal y monto","BOB/USD","semanal propuesta","Bolivia por canal","Costo importador y de servicios digitales","0-3 meses","https://asfi.gob.bo/la/tarifarios","P1","condicionante","Propuesta de medición; fuente parcial no valida serie completa; requiere muestra o convenio","CONDICIONANTE","Macroeconomia y finanzas","CANDIDATA_POR_CONCILIAR_CON_MODULOS_EXISTENTES"
"MF_FX_PREMIUM","Divisas","Prima cambiaria por canal","100 por cociente entre cambio efectivo comparable y oficial menos uno; separar medios de pago","%","semanal derivada","Bolivia por canal","Presión de costos y sustitución de ahorro","0-6 meses","https://asfi.gob.bo/la/tarifarios","P1","condicionante","Propuesta de medición; fuente parcial no valida serie completa; requiere muestra o convenio","CONDICIONANTE","Macroeconomia y finanzas","CANDIDATA_POR_CONCILIAR_CON_MODULOS_EXISTENTES"
"MF_FX_DISPERSION","Divisas","Dispersión de cotizaciones efectivas","Rango intercuartílico de cotizaciones del mismo día monto y canal","BOB/USD","semanal propuesta","Ciudades y canales","Segmentación del mercado y fricción comercial","0-3 meses","https://asfi.gob.bo/la/tarifarios","P2","condicionante","Propuesta de medición; fuente parcial no valida serie completa; requiere muestra o convenio","CONDICIONANTE","Macroeconomia y finanzas","CANDIDATA_POR_CONCILIAR_CON_MODULOS_EXISTENTES"
"MF_RESERVES_NET","Sector externo","Reservas internacionales netas","Stock RIN con composición y definición oficial; separar transacciones y revalorización","millones USD","mensual propuesta","Bolivia","Capacidad de absorción externa y confianza","0-6 meses","https://www.bcb.gob.bo/?q=content%2Fsector-externo-0","P0","condicionante","Página o documento primario localizado; serie exacta endpoint histórico y derechos pendientes","CONDICIONANTE","Macroeconomia y finanzas","CANDIDATA_POR_CONCILIAR_CON_MODULOS_EXISTENTES"
"MF_RESERVES_LIQUID","Sector externo","Reservas líquidas por componente","Divisas y activos disponibles según clasificación oficial; no equiparar todo el oro a caja","millones USD","mensual propuesta","Bolivia","Capacidad inmediata de pagos externos","0-3 meses","https://www.bcb.gob.bo/?q=content%2Fsector-externo-0","P0","condicionante","Página o documento primario localizado; serie exacta endpoint histórico y derechos pendientes","CONDICIONANTE","Macroeconomia y finanzas","CANDIDATA_POR_CONCILIAR_CON_MODULOS_EXISTENTES"
"MF_RESERVE_COVER","Sector externo","Cobertura de importaciones","Reservas seleccionadas divididas entre promedio mensual de importaciones de 12 meses","meses","mensual derivada","Bolivia","Vulnerabilidad ante interrupción de divisas","0-6 meses","https://www.bcb.gob.bo/?q=content%2Fsector-externo-0","P0","condicionante","Página o documento primario localizado; serie exacta endpoint histórico y derechos pendientes","CONDICIONANTE","Macroeconomia y finanzas","CANDIDATA_POR_CONCILIAR_CON_MODULOS_EXISTENTES"
"MF_REER","Sector externo","Tipo de cambio real efectivo","Índice multilateral oficial con base y pesos identificados","índice","mensual","Bolivia y socios","Competitividad precio y sustitución importadora","3-12 meses","https://www.bcb.gob.bo/?q=content%2Fsector-externo-0","P0","condicionante","Página o documento primario localizado; serie exacta endpoint histórico y derechos pendientes","CONDICIONANTE","Macroeconomia y finanzas","CANDIDATA_POR_CONCILIAR_CON_MODULOS_EXISTENTES"
"MF_CURRENT_ACCOUNT","Sector externo","Cuenta corriente","Saldo corriente de balanza de pagos sin confundirlo con balanza comercial","millones USD y % PIB","trimestral","Bolivia","Necesidad de financiamiento externo","1-4 trimestres","https://www.bcb.gob.bo/?q=content%2Fsector-externo-0","P0","endogena","Página o documento primario localizado; serie exacta endpoint histórico y derechos pendientes","RESULTADO","Macroeconomia y finanzas","CANDIDATA_POR_CONCILIAR_CON_MODULOS_EXISTENTES"
"MF_FDI","Sector externo","Inversión extranjera directa","Flujos brutos y netos por actividad cuando disponibles","millones USD","trimestral propuesta","Bolivia y sector","Capital tecnología e inversión productiva","2-8 trimestres","https://www.bcb.gob.bo/?q=content%2Fsector-externo-0","P1","endogena","Página o documento primario localizado; serie exacta endpoint histórico y derechos pendientes","RESULTADO","Macroeconomia y finanzas","CANDIDATA_POR_CONCILIAR_CON_MODULOS_EXISTENTES"
"MF_EXTERNAL_DEBT","Sector externo","Deuda externa pública por moneda","Saldo por acreedor moneda y plazo sin sumar valorizaciones como desembolso","millones USD","trimestral propuesta","Bolivia","Exposición a dólar y tasas internacionales","1-8 trimestres","https://www.bcb.gob.bo/?q=content%2Fsector-externo-0","P0","condicionante","Página o documento primario localizado; serie exacta endpoint histórico y derechos pendientes","CONDICIONANTE","Macroeconomia y finanzas","CANDIDATA_POR_CONCILIAR_CON_MODULOS_EXISTENTES"
"MF_DEBT_SERVICE","Sector externo","Calendario de servicio externo","Amortización e intereses contractuales por fecha y moneda","millones USD","mensual propuesta","Bolivia","Demanda predeterminada de divisas","0-24 meses","https://www.bcb.gob.bo/?q=content%2Fsector-externo-0","P0","condicionante","Página o documento primario localizado; serie exacta endpoint histórico y derechos pendientes","CONDICIONANTE","Macroeconomia y finanzas","CANDIDATA_POR_CONCILIAR_CON_MODULOS_EXISTENTES"
"MF_NET_DISBURSEMENT","Sector externo","Transferencia neta de deuda externa","Desembolsos menos amortización e intereses distinguiendo saldo aprobado de efectivo","millones USD","trimestral propuesta","Bolivia","Liquidez fiscal y externa","0-4 trimestres","https://www.bcb.gob.bo/?q=content%2Fsector-externo-0","P1","condicionante","Página o documento primario localizado; serie exacta endpoint histórico y derechos pendientes","CONDICIONANTE","Macroeconomia y finanzas","CANDIDATA_POR_CONCILIAR_CON_MODULOS_EXISTENTES"
"MF_REMITTANCES","Remesas","Remesas recibidas","Flujo por país de origen y plaza de pago; moneda y método consistentes","millones USD","mensual propuesta","Bolivia y origen","Ingreso disponible y oferta de divisas","0-3 meses","https://www.bcb.gob.bo/?q=content%2Fsector-externo-0","P0","endogena","Página o documento primario localizado; serie exacta endpoint histórico y derechos pendientes","RESULTADO","Macroeconomia y finanzas","CANDIDATA_POR_CONCILIAR_CON_MODULOS_EXISTENTES"
"MF_REMIT_ORIGIN_FX","Remesas","Divisa de países emisores","Variación de moneda de países que remiten frente a USD ponderada con pesos rezagados","índice","mensual derivada","España EEUU y socios documentados","Poder de compra de remesas en Bolivia","0-6 meses","https://www.federalreserve.gov/releases/h10/","P1","exogena","Página o documento primario localizado; serie exacta endpoint histórico y derechos pendientes","EXTERNO_CANDIDATO","Macroeconomia y finanzas","CANDIDATA_POR_CONCILIAR_CON_MODULOS_EXISTENTES"
"MF_BANK_CROSS_BORDER","Sector externo","Crédito bancario transfronterizo a Bolivia","Posiciones acreedoras de bancos declarantes frente a residentes; confirmar dimensión Bolivia","millones USD","trimestral","Contrapartes Bolivia","Disponibilidad de financiamiento comercial","1-4 trimestres","https://data.bis.org/topics/LBS","P1","condicionante","Página o documento primario localizado; serie exacta endpoint histórico y derechos pendientes","CONDICIONANTE","Macroeconomia y finanzas","CANDIDATA_POR_CONCILIAR_CON_MODULOS_EXISTENTES"
"MF_TRANSFER_COST","Sector externo","Costo de transferencia internacional","Comisión fija porcentual y tipo de cambio para operación estandarizada","USD y %","mensual propuesta","Bolivia por entidad","Fricciones de pagos de importadores y hogares","0-3 meses","https://asfi.gob.bo/la/tarifarios","P1","condicionante","Página o documento primario localizado; serie exacta endpoint histórico y derechos pendientes","CONDICIONANTE","Macroeconomia y finanzas","CANDIDATA_POR_CONCILIAR_CON_MODULOS_EXISTENTES"
"MF_USD_BROAD","Mercados globales","Dólar amplio nominal","Índice amplio ponderado comercialmente del USD publicado por la Fed","índice","diaria a mensual","Global","Dólar fuerte commodities y costo importador","0-6 meses","https://www.federalreserve.gov/releases/h10/","P0","exogena","Página o documento primario localizado; serie exacta endpoint histórico y derechos pendientes","EXTERNO_CANDIDATO","Macroeconomia y finanzas","CANDIDATA_POR_CONCILIAR_CON_MODULOS_EXISTENTES"
"MF_BRLUSD","Mercados globales","Real brasileño por dólar","Cotización BRL por USD; mantener sentido de unidad","BRL/USD","diaria a mensual","Brasil","Competitividad fronteriza y costo de suministros","0-6 meses","https://www.federalreserve.gov/releases/h10/","P0","exogena","Página o documento primario localizado; serie exacta endpoint histórico y derechos pendientes","EXTERNO_CANDIDATO","Macroeconomia y finanzas","CANDIDATA_POR_CONCILIAR_CON_MODULOS_EXISTENTES"
"MF_EURUSD","Mercados globales","Dólares por euro","Cotización USD por EUR; no invertir sin metadato","USD/EUR","diaria a mensual","Zona euro","Remesas importación de capital y turismo","0-6 meses","https://www.federalreserve.gov/releases/h10/","P1","exogena","Página o documento primario localizado; serie exacta endpoint histórico y derechos pendientes","EXTERNO_CANDIDATO","Macroeconomia y finanzas","CANDIDATA_POR_CONCILIAR_CON_MODULOS_EXISTENTES"
"MF_CNYUSD","Mercados globales","Renminbi por dólar","Cotización CNY por USD distinguiendo mercado doméstico y exterior","CNY/USD","diaria a mensual","China","Costo de bienes industriales y de consumo","0-6 meses","https://www.federalreserve.gov/releases/h10/","P0","exogena","Página o documento primario localizado; serie exacta endpoint histórico y derechos pendientes","EXTERNO_CANDIDATO","Macroeconomia y finanzas","CANDIDATA_POR_CONCILIAR_CON_MODULOS_EXISTENTES"
"MF_FEDFUNDS","Mercados globales","Tasa efectiva federal funds","Tasa efectiva diaria de fondos federales","% anual","diaria a mensual","EEUU","Costo global de financiamiento y apetito por riesgo","0-12 meses","https://www.federalreserve.gov/releases/h15/","P0","exogena","Página o documento primario localizado; serie exacta endpoint histórico y derechos pendientes","EXTERNO_CANDIDATO","Macroeconomia y finanzas","CANDIDATA_POR_CONCILIAR_CON_MODULOS_EXISTENTES"
"MF_UST_CURVE","Mercados globales","Curva Tesoro EEUU","Rendimientos comparables a 3 meses 2 años y 10 años y pendiente 10y menos 2y","% anual y puntos básicos","diaria a mensual","EEUU","Descuento de inversiones y costo de deuda","0-12 meses","https://www.federalreserve.gov/releases/h15/","P0","exogena","Página o documento primario localizado; serie exacta endpoint histórico y derechos pendientes","EXTERNO_CANDIDATO","Macroeconomia y finanzas","CANDIDATA_POR_CONCILIAR_CON_MODULOS_EXISTENTES"
"MF_UST_REAL","Mercados globales","Rendimiento real Tesoro EEUU","Rendimiento real indexado a inflación en madurez comparable","% anual","diaria a mensual","EEUU","Costo de oportunidad de oro y capital","0-12 meses","https://www.federalreserve.gov/releases/h15/","P1","exogena","Página o documento primario localizado; serie exacta endpoint histórico y derechos pendientes","EXTERNO_CANDIDATO","Macroeconomia y finanzas","CANDIDATA_POR_CONCILIAR_CON_MODULOS_EXISTENTES"
"MF_SOFR","Mercados globales","SOFR","Referencia overnight garantizada por valores del Tesoro; conservar convención de capitalización","% anual","diaria","EEUU","Costo de deuda y contratos a tasa variable","0-12 meses","https://www.newyorkfed.org/markets/reference-rates/sofr","P0","exogena","Página o documento primario localizado; serie exacta endpoint histórico y derechos pendientes","EXTERNO_CANDIDATO","Macroeconomia y finanzas","CANDIDATA_POR_CONCILIAR_CON_MODULOS_EXISTENTES"
"MF_VIX","Mercados globales","Volatilidad implícita VIX","Índice de volatilidad implícita de opciones del S&P 500 según metodología del titular","puntos índice","diaria a semanal","EEUU y global","Aversión global al riesgo y acceso a financiamiento","0-3 meses","https://www.cboe.com/tradable_products/vix/vix_historical_data/","P1","exogena","Fuente candidata; acceso web no logrado; serie y derechos pendientes","EXTERNO_CANDIDATO","Macroeconomia y finanzas","CANDIDATA_POR_CONCILIAR_CON_MODULOS_EXISTENTES"
"MF_GLOBAL_USD_CREDIT","Mercados globales","Liquidez global en USD","Crédito en dólares a prestatarios no bancarios fuera de EEUU","billones USD y % anual","trimestral","Global y emergentes","Condiciones globales de financiamiento","1-4 trimestres","https://data.bis.org/topics/GLI?m=213","P1","exogena","Página o documento primario localizado; serie exacta endpoint histórico y derechos pendientes","EXTERNO_CANDIDATO","Macroeconomia y finanzas","CANDIDATA_POR_CONCILIAR_CON_MODULOS_EXISTENTES"
"MF_PARTNER_GROWTH","Demanda externa","Crecimiento de socios","Crecimiento PIB real de Brasil Argentina China EEUU Perú y Chile con pesos comerciales rezagados","% anual","anual por vintage","Socios de Bolivia","Demanda de exportaciones y turismo","1-6 trimestres","https://data.imf.org/en/datasets/IMF.RES%3AWEO","P0","exogena","Página o documento primario localizado; serie exacta endpoint histórico y derechos pendientes","EXTERNO_CANDIDATO","Macroeconomia y finanzas","CANDIDATA_POR_CONCILIAR_CON_MODULOS_EXISTENTES"
"MF_PARTNER_INFLATION","Demanda externa","Inflación de socios","IPC promedio de socios por país y agregado con pesos de importación rezagados","% anual","anual por vintage","Socios de Bolivia","Inflación importada y competencia regional","1-6 trimestres","https://data.imf.org/en/datasets/IMF.RES%3AWEO","P1","exogena","Página o documento primario localizado; serie exacta endpoint histórico y derechos pendientes","EXTERNO_CANDIDATO","Macroeconomia y finanzas","CANDIDATA_POR_CONCILIAR_CON_MODULOS_EXISTENTES"
"MF_GLOBAL_TRADE","Demanda externa","Crecimiento del comercio mundial","Volumen de comercio de bienes y servicios en agregados WEO; verificar definición","% anual","anual por vintage","Global","Demanda exportadora y restricciones de oferta","1-6 trimestres","https://data.imf.org/en/datasets/IMF.RES%3AWEO","P1","exogena","Página o documento primario localizado; serie exacta endpoint histórico y derechos pendientes","EXTERNO_CANDIDATO","Macroeconomia y finanzas","CANDIDATA_POR_CONCILIAR_CON_MODULOS_EXISTENTES"
"MF_FORECAST_REVISION","Demanda externa","Revisión de previsión de socios","Diferencia en previsión del mismo año entre ediciones disponibles en su fecha real","puntos porcentuales","semestral por vintage","Socios de Bolivia","Cambios anticipados de demanda y presupuestos","0-4 trimestres","https://data.imf.org/en/datasets/IMF.RES%3AWEO","P1","exogena","Página o documento primario localizado; serie exacta endpoint histórico y derechos pendientes","EXTERNO_CANDIDATO","Macroeconomia y finanzas","CANDIDATA_POR_CONCILIAR_CON_MODULOS_EXISTENTES"
"MF_FISCAL_BALANCE","Fiscal","Resultado fiscal SPNF","Ingresos menos gastos del perímetro SPNF y base contable documentados","millones BOB y % PIB","trimestral propuesta","Bolivia","Demanda agregada y necesidad de financiamiento","0-4 trimestres","https://www.economiayfinanzas.gob.bo/sites/default/files/2023-12/BOLETIN%20TGN%202022.pdf","P0","endogena","Página o documento primario localizado; serie exacta endpoint histórico y derechos pendientes","RESULTADO","Macroeconomia y finanzas","CANDIDATA_POR_CONCILIAR_CON_MODULOS_EXISTENTES"
"MF_PRIMARY_BALANCE","Fiscal","Resultado primario","Resultado fiscal excluyendo intereses con idéntico perímetro","millones BOB y % PIB","trimestral propuesta","Bolivia","Sostenibilidad fiscal y espacio de gasto","1-8 trimestres","https://www.economiayfinanzas.gob.bo/sites/default/files/2023-12/BOLETIN%20TGN%202022.pdf","P1","endogena","Página o documento primario localizado; serie exacta endpoint histórico y derechos pendientes","RESULTADO","Macroeconomia y finanzas","CANDIDATA_POR_CONCILIAR_CON_MODULOS_EXISTENTES"
"MF_TAX_REVENUE","Fiscal","Recaudación por tributo","Ingresos tributarios efectivos por IVA IT IUE y otros; netear devoluciones según fuente","millones BOB","mensual propuesta","Bolivia","Actividad demanda y disponibilidad de recursos","0-6 meses","https://www.economiayfinanzas.gob.bo/sites/default/files/2023-12/BOLETIN%20TGN%202022.pdf","P0","endogena","Página o documento primario localizado; serie exacta endpoint histórico y derechos pendientes","RESULTADO","Macroeconomia y finanzas","CANDIDATA_POR_CONCILIAR_CON_MODULOS_EXISTENTES"
"MF_HYDROCARBON_REVENUE","Fiscal","Ingresos hidrocarburíferos","IDH regalías y otros ingresos identificados sin doble conteo de transferencias","millones BOB","mensual propuesta","Bolivia y departamentos","Gasto subnacional y exposición a gas","1-6 meses","https://www.economiayfinanzas.gob.bo/sites/default/files/2023-12/BOLETIN%20TGN%202022.pdf","P0","condicionante","Página o documento primario localizado; serie exacta endpoint histórico y derechos pendientes","CONDICIONANTE","Macroeconomia y finanzas","CANDIDATA_POR_CONCILIAR_CON_MODULOS_EXISTENTES"
"MF_PUBLIC_INVESTMENT","Fiscal","Inversión pública ejecutada","Ejecución devengada y pagada por sector y territorio separadas del presupuesto","millones BOB","mensual propuesta","Bolivia y departamento","Demanda de construcción maquinaria y empleo","0-12 meses","https://www.economiayfinanzas.gob.bo/sites/default/files/2023-12/BOLETIN%20TGN%202022.pdf","P0","condicionante","Página o documento primario localizado; serie exacta endpoint histórico y derechos pendientes","CONDICIONANTE","Macroeconomia y finanzas","CANDIDATA_POR_CONCILIAR_CON_MODULOS_EXISTENTES"
"MF_PUBLIC_ARREARS","Fiscal","Atrasos de pagos públicos","Obligaciones vencidas verificadas por antigüedad; no inferir de presupuesto sin ejecutar","millones BOB y días","trimestral propuesta","Bolivia y entidad","Liquidez de proveedores y morosidad","0-6 meses","https://www.economiayfinanzas.gob.bo/sites/default/files/2023-12/BOLETIN%20TGN%202022.pdf","P2","condicionante","Propuesta de medición; fuente parcial no valida serie completa; requiere muestra o convenio","CONDICIONANTE","Macroeconomia y finanzas","CANDIDATA_POR_CONCILIAR_CON_MODULOS_EXISTENTES"
"MF_DOMESTIC_DEBT","Fiscal","Deuda interna TGN","Saldo por tenedor moneda e instrumento; respetar exclusión de deuda intrasector BCB","millones BOB","mensual","Bolivia","Absorción de ahorro y refinanciamiento","1-12 meses","https://economiayfinanzas.gob.bo/viceministerios/vtcp/deuda-interna-tgn","P0","condicionante","Página o documento primario localizado; serie exacta endpoint histórico y derechos pendientes","CONDICIONANTE","Macroeconomia y finanzas","CANDIDATA_POR_CONCILIAR_CON_MODULOS_EXISTENTES"
"MF_DOMESTIC_SERVICE","Fiscal","Servicio de deuda interna","Pagos previstos y realizados de principal e interés por instrumento","millones BOB","mensual propuesta","Bolivia","Liquidez presupuestaria y demanda de títulos","0-12 meses","https://economiayfinanzas.gob.bo/viceministerios/vtcp/deuda-interna-tgn","P1","condicionante","Página o documento primario localizado; serie exacta endpoint histórico y derechos pendientes","CONDICIONANTE","Macroeconomia y finanzas","CANDIDATA_POR_CONCILIAR_CON_MODULOS_EXISTENTES"
"MF_CENTRAL_BANK_GOV_CREDIT","Monetario","Crédito del BCB al sector público","Stock bruto y neto identificando depósitos contrapartida y perímetro","millones BOB","mensual","Bolivia","Expansión monetaria y financiamiento fiscal","1-12 meses","https://www.bcb.gob.bo/?q=node%2F237525","P0","condicionante","Página o documento primario localizado; serie exacta endpoint histórico y derechos pendientes","CONDICIONANTE","Macroeconomia y finanzas","CANDIDATA_POR_CONCILIAR_CON_MODULOS_EXISTENTES"
"MF_SUBSIDY_BURDEN","Fiscal","Costo fiscal de subsidios","Gasto devengado y pagado por programa; separar estimación económica de partida presupuestaria","millones BOB y % PIB","trimestral propuesta","Bolivia","Sensibilidad fiscal a shocks de importación","0-12 meses","https://www.economiayfinanzas.gob.bo/sites/default/files/2023-12/BOLETIN%20TGN%202022.pdf","P1","condicionante","Página o documento primario localizado; serie exacta endpoint histórico y derechos pendientes","CONDICIONANTE","Macroeconomia y finanzas","CANDIDATA_POR_CONCILIAR_CON_MODULOS_EXISTENTES"
"MF_MONETARY_BASE","Monetario","Base monetaria","Saldo y determinantes según definición oficial","millones BOB","mensual","Bolivia","Liquidez y demanda nominal","0-12 meses","https://www.bcb.gob.bo/?q=node%2F237525","P0","condicionante","Página o documento primario localizado; serie exacta endpoint histórico y derechos pendientes","CONDICIONANTE","Macroeconomia y finanzas","CANDIDATA_POR_CONCILIAR_CON_MODULOS_EXISTENTES"
"MF_MONEY_AGGREGATES","Monetario","Agregados monetarios","M1 M2 y agregados amplios manteniendo monedas y definición oficial","millones BOB y % anual","mensual","Bolivia","Capacidad transaccional e inflación","1-12 meses","https://www.bcb.gob.bo/?q=node%2F237525","P0","condicionante","Página o documento primario localizado; serie exacta endpoint histórico y derechos pendientes","CONDICIONANTE","Macroeconomia y finanzas","CANDIDATA_POR_CONCILIAR_CON_MODULOS_EXISTENTES"
"MF_RESERVE_REQUIREMENT","Monetario","Encaje efectivo y normativo","Tasa por moneda base y componente con vigencia de cada regla","%","por evento y mensual","Bolivia","Oferta prestable y costo de intermediación","0-6 meses","https://www.bcb.gob.bo/?q=node%2F237525","P1","condicionante","Página o documento primario localizado; serie exacta endpoint histórico y derechos pendientes","CONDICIONANTE","Macroeconomia y finanzas","CANDIDATA_POR_CONCILIAR_CON_MODULOS_EXISTENTES"
"MF_DEPOSITS","Banca","Depósitos por moneda plazo y territorio","Saldos por modalidad y moneda; separar tipo de cambio de variación transaccional","millones BOB","mensual","Bolivia y departamento","Fondeo bancario y confianza","0-6 meses","https://www.asfi.gob.bo/pb/series-historicas-depositos-del-publico-y-cartera-creditos","P0","condicionante","Página o documento primario localizado; serie exacta endpoint histórico y derechos pendientes","CONDICIONANTE","Macroeconomia y finanzas","CANDIDATA_POR_CONCILIAR_CON_MODULOS_EXISTENTES"
"MF_CREDIT_SECTOR","Banca","Crédito por actividad y tamaño","Cartera por actividad destino tamaño empresarial tipo de entidad y moneda","millones BOB","mensual","Bolivia sector y entidad","Financiamiento productivo y exposición sectorial","1-12 meses","https://www.asfi.gob.bo/pb/series-historicas-depositos-del-publico-y-cartera-creditos","P0","condicionante","Página o documento primario localizado; serie exacta endpoint histórico y derechos pendientes","CONDICIONANTE","Macroeconomia y finanzas","CANDIDATA_POR_CONCILIAR_CON_MODULOS_EXISTENTES"
"MF_NPL","Banca","Mora por sector y producto","Cartera vencida y en ejecución dividida entre cartera comparable","%","mensual","Bolivia sector y entidad","Estrés de hogares empresas y canal crédito","1-12 meses","https://www.asfi.gob.bo/pb/boletines-estadisticos","P0","endogena","Página o documento primario localizado; serie exacta endpoint histórico y derechos pendientes","RESULTADO","Macroeconomia y finanzas","CANDIDATA_POR_CONCILIAR_CON_MODULOS_EXISTENTES"
"MF_RESTRUCTURED","Banca","Cartera reprogramada y refinanciada","Saldo y proporción por categoría conservando definición regulatoria","millones BOB y %","mensual propuesta","Bolivia y tipo entidad","Estrés previo o distinto a mora reconocida","0-12 meses","https://www.asfi.gob.bo/pb/boletines-estadisticos","P1","condicionante","Página o documento primario localizado; serie exacta endpoint histórico y derechos pendientes","CONDICIONANTE","Macroeconomia y finanzas","CANDIDATA_POR_CONCILIAR_CON_MODULOS_EXISTENTES"
"MF_PROVISION_COVER","Banca","Cobertura de previsiones","Previsiones computables divididas entre cartera en mora según fórmula ASFI","%","mensual","Bolivia y entidad","Capacidad de absorber pérdidas","0-12 meses","https://www.asfi.gob.bo/pb/boletines-estadisticos","P1","condicionante","Página o documento primario localizado; serie exacta endpoint histórico y derechos pendientes","CONDICIONANTE","Macroeconomia y finanzas","CANDIDATA_POR_CONCILIAR_CON_MODULOS_EXISTENTES"
"MF_CAPITAL","Banca","Adecuación patrimonial","Patrimonio regulatorio sobre activos ponderados por riesgo según fórmula vigente","%","mensual propuesta","Bolivia y entidad","Restricción a crecimiento crediticio","0-12 meses","https://www.asfi.gob.bo/pb/boletines-estadisticos","P1","condicionante","Página o documento primario localizado; serie exacta endpoint histórico y derechos pendientes","CONDICIONANTE","Macroeconomia y finanzas","CANDIDATA_POR_CONCILIAR_CON_MODULOS_EXISTENTES"
"MF_BANK_LIQUIDITY","Banca","Liquidez por moneda y vencimiento","Activos líquidos sobre obligaciones de plazo comparable según indicador oficial","%","mensual","Bolivia y entidad","Capacidad de retiros y nuevos préstamos","0-6 meses","https://www.asfi.gob.bo/pb/boletines-estadisticos","P0","condicionante","Página o documento primario localizado; serie exacta endpoint histórico y derechos pendientes","CONDICIONANTE","Macroeconomia y finanzas","CANDIDATA_POR_CONCILIAR_CON_MODULOS_EXISTENTES"
"MF_LOAN_RATES","Banca","Tasas activas efectivas","Tasa por moneda plazo producto y tipo de cliente con ponderación explícita","% anual","mensual propuesta","Bolivia","Costo de capital de trabajo y consumo","0-12 meses","https://www.asfi.gob.bo/pb/boletines-estadisticos","P0","condicionante","Página o documento primario localizado; serie exacta endpoint histórico y derechos pendientes","CONDICIONANTE","Macroeconomia y finanzas","CANDIDATA_POR_CONCILIAR_CON_MODULOS_EXISTENTES"
"MF_DEPOSIT_RATES","Banca","Tasas pasivas efectivas","Tasa por moneda plazo instrumento y tipo de entidad","% anual","mensual propuesta","Bolivia","Costo de fondeo y elección de ahorro","0-6 meses","https://www.asfi.gob.bo/pb/boletines-estadisticos","P1","condicionante","Página o documento primario localizado; serie exacta endpoint histórico y derechos pendientes","CONDICIONANTE","Macroeconomia y finanzas","CANDIDATA_POR_CONCILIAR_CON_MODULOS_EXISTENTES"
"MF_MICROCREDIT","Microfinanzas","Microcrédito e IFD","Saldo mora y número de prestatarios por tipo de entidad; IFD no equivale a todo microcrédito","BOB personas y %","mensual propuesta","Bolivia y territorio","Capital de trabajo de pequeñas unidades","1-12 meses","https://www.asfi.gob.bo/pb/boletines-estadisticos","P0","condicionante","Página o documento primario localizado; serie exacta endpoint histórico y derechos pendientes","CONDICIONANTE","Macroeconomia y finanzas","CANDIDATA_POR_CONCILIAR_CON_MODULOS_EXISTENTES"
"MF_CREDIT_CONCENTRATION","Banca","Concentración de exposición","Herfindahl por sector de cartera y participación de mayores sectores; no inferir deudores individuales","índice y %","mensual derivada","Bolivia y tipo entidad","Amplificación de shocks sectoriales","1-12 meses","https://www.asfi.gob.bo/pb/boletines-estadisticos","P1","condicionante","Página o documento primario localizado; serie exacta endpoint histórico y derechos pendientes","CONDICIONANTE","Macroeconomia y finanzas","CANDIDATA_POR_CONCILIAR_CON_MODULOS_EXISTENTES"
"MF_FINANCIAL_ACCESS","Inclusión","Puntos de atención y cuentas","Puntos de atención y cuentas por población; cuentas no equivalen a personas únicas","número y por 10000 adultos","trimestral propuesta","Bolivia y municipio","Acceso a pagos ahorro y crédito","2-8 trimestres","https://www.asfi.gob.bo/pb/boletines-estadisticos","P2","condicionante","Página o documento primario localizado; serie exacta endpoint histórico y derechos pendientes","CONDICIONANTE","Macroeconomia y finanzas","CANDIDATA_POR_CONCILIAR_CON_MODULOS_EXISTENTES"
"MF_FUNDS_ASSETS","Capitales locales","Cartera y liquidez de fondos","Patrimonio neto liquidez y composición por emisor moneda y duración disponible","millones BOB y %","mensual propuesta","Bolivia y fondo","Demanda de títulos y riesgo de rescates","0-6 meses","https://www.asfi.gob.bo/la/reportes-dinamicos","P1","condicionante","Página o documento primario localizado; serie exacta endpoint histórico y derechos pendientes","CONDICIONANTE","Macroeconomia y finanzas","CANDIDATA_POR_CONCILIAR_CON_MODULOS_EXISTENTES"
"MF_FUNDS_RETURN","Capitales locales","Rendimiento de fondos","Retorno por ventana y moneda con comisiones y anualización documentadas","%","mensual propuesta","Bolivia y fondo","Costo de oportunidad del ahorro","0-6 meses","https://www.asfi.gob.bo/la/reportes-dinamicos","P1","condicionante","Página o documento primario localizado; serie exacta endpoint histórico y derechos pendientes","CONDICIONANTE","Macroeconomia y finanzas","CANDIDATA_POR_CONCILIAR_CON_MODULOS_EXISTENTES"
"MF_INSURANCE_PREMIUM","Seguros","Primas por ramo","Producción de seguros por ramo distinguiendo prima emitida cobrada y neta","millones BOB","trimestral propuesta","Bolivia y ramo","Protección financiera y actividad asegurada","1-4 trimestres","https://www.aps.gob.bo/index.php/component/rsfiles/Descargar?Itemid=437&path=UPCC%2Fboletines%2Ftrimestrales%2F2025%2FSeguros%2FBoletin+Trimestral+Estadistico+de+Seguros+-+2do+Trimestre.pdf","P1","condicionante","Página o documento primario localizado; serie exacta endpoint histórico y derechos pendientes","CONDICIONANTE","Macroeconomia y finanzas","CANDIDATA_POR_CONCILIAR_CON_MODULOS_EXISTENTES"
"MF_INSURANCE_CLAIMS","Seguros","Siniestros y siniestralidad","Siniestros pagados e incurridos por ramo y ratio con prima compatible","millones BOB y %","trimestral propuesta","Bolivia y ramo","Pérdidas por clima accidentes y salud","0-4 trimestres","https://www.aps.gob.bo/index.php/component/rsfiles/Descargar?Itemid=437&path=UPCC%2Fboletines%2Ftrimestrales%2F2025%2FSeguros%2FBoletin+Trimestral+Estadistico+de+Seguros+-+2do+Trimestre.pdf","P1","endogena","Página o documento primario localizado; serie exacta endpoint histórico y derechos pendientes","RESULTADO","Macroeconomia y finanzas","CANDIDATA_POR_CONCILIAR_CON_MODULOS_EXISTENTES"
"MF_REINSURANCE","Seguros","Dependencia de reaseguro","Prima cedida y recuperaciones por ramo; costos específicos requieren contratos o reporte autorizado","% y millones BOB","trimestral propuesta","Bolivia y exterior","Transmisión de costo global de cobertura","1-4 trimestres","https://www.aps.gob.bo/index.php/component/rsfiles/Descargar?Itemid=437&path=UPCC%2Fboletines%2Ftrimestrales%2F2025%2FSeguros%2FBoletin+Trimestral+Estadistico+de+Seguros+-+2do+Trimestre.pdf","P2","condicionante","Página o documento primario localizado; serie exacta endpoint histórico y derechos pendientes","CONDICIONANTE","Macroeconomia y finanzas","CANDIDATA_POR_CONCILIAR_CON_MODULOS_EXISTENTES"
"MF_PENSION_ASSETS","Pensiones","Cartera previsional","Activos administrados por instrumento emisor moneda y plazo según reporte regulatorio","millones BOB y %","mensual propuesta","Bolivia","Demanda estructural de deuda pública y privada","1-8 trimestres","https://www.aps.gob.bo/","P1","condicionante","Institución identificada; cuadro específico endpoint cobertura y derechos pendientes","CONDICIONANTE","Macroeconomia y finanzas","CANDIDATA_POR_CONCILIAR_CON_MODULOS_EXISTENTES"
"MF_PENSION_CONTRIBUTORS","Pensiones","Aportantes efectivos","Contribuyentes que realizaron aporte en periodo separando afiliados acumulados","personas y % afiliados","mensual propuesta","Bolivia","Formalidad y recaudación previsional","1-4 trimestres","https://www.aps.gob.bo/","P1","endogena","Institución identificada; cuadro específico endpoint cobertura y derechos pendientes","RESULTADO","Macroeconomia y finanzas","CANDIDATA_POR_CONCILIAR_CON_MODULOS_EXISTENTES"
"MF_PENSION_REAL_RETURN","Pensiones","Rentabilidad real previsional","Retorno nominal compatible deflactado por IPC de igual periodo","% real","trimestral derivada","Bolivia","Poder adquisitivo futuro y asignación de ahorro","2-12 trimestres","https://www.aps.gob.bo/","P2","endogena","Institución identificada; cuadro específico endpoint cobertura y derechos pendientes","RESULTADO","Macroeconomia y finanzas","CANDIDATA_POR_CONCILIAR_CON_MODULOS_EXISTENTES"
"MF_UNEMPLOYMENT","Hogares y empleo","Desocupación","Tasa con universo edad y cobertura urbana o nacional explícitos","% fuerza laboral","trimestral","Bolivia dominios ECE","Ingreso consumo y riesgo crediticio","0-4 trimestres","https://www.ine.gob.bo/index.php/boletines-estadisticos-ece/","P0","endogena","Página o documento primario localizado; serie exacta endpoint histórico y derechos pendientes","RESULTADO","Macroeconomia y finanzas","CANDIDATA_POR_CONCILIAR_CON_MODULOS_EXISTENTES"
"MF_PARTICIPATION","Hogares y empleo","Participación laboral","Fuerza laboral sobre población en edad de trabajar por sexo edad y dominio","%","trimestral","Bolivia dominios ECE","Oferta laboral y presión sobre ingresos","1-4 trimestres","https://www.ine.gob.bo/index.php/boletines-estadisticos-ece/","P1","condicionante","Página o documento primario localizado; serie exacta endpoint histórico y derechos pendientes","CONDICIONANTE","Macroeconomia y finanzas","CANDIDATA_POR_CONCILIAR_CON_MODULOS_EXISTENTES"
"MF_LABOUR_INCOME","Hogares y empleo","Ingreso laboral real mediano","Mediana ponderada de ingresos laborales deflactada; preservar ceros y tratamiento de no respuesta","BOB constantes","trimestral propuesta","Bolivia dominios ECE","Consumo y capacidad de servicio de deuda","0-4 trimestres","https://www.ine.gob.bo/index.php/boletines-estadisticos-ece/","P0","endogena","Página o documento primario localizado; serie exacta endpoint histórico y derechos pendientes","RESULTADO","Macroeconomia y finanzas","CANDIDATA_POR_CONCILIAR_CON_MODULOS_EXISTENTES"
"MF_UNDEREMPLOYMENT","Hogares y empleo","Subocupación por horas","Población ocupada con insuficiencia de horas según definición de encuesta","% ocupados","trimestral propuesta","Bolivia dominios ECE","Fragilidad del ingreso oculta en desempleo","0-4 trimestres","https://www.ine.gob.bo/index.php/boletines-estadisticos-ece/","P1","endogena","Página o documento primario localizado; serie exacta endpoint histórico y derechos pendientes","RESULTADO","Macroeconomia y finanzas","CANDIDATA_POR_CONCILIAR_CON_MODULOS_EXISTENTES"
"MF_INFORMALITY","Hogares y empleo","Empleo informal","Proporción según definición OIT preservando cambio entre estándares CIST","% ocupados","anual propuesta","Bolivia y sector disponible","Productividad protección social y transmisión de shocks","1-8 trimestres","https://ilostat.ilo.org/es/data/?cat_mode=subject","P0","condicionante","Página o documento primario localizado; serie exacta endpoint histórico y derechos pendientes","CONDICIONANTE","Macroeconomia y finanzas","CANDIDATA_POR_CONCILIAR_CON_MODULOS_EXISTENTES"
"MF_EMPLOYMENT_SECTOR","Hogares y empleo","Empleo por actividad y categoría","Ocupados por actividad cuenta propia asalariado sexo y edad con diseño muestral","personas y %","trimestral","Bolivia dominios ECE","Exposición laboral diferenciada por sector","0-4 trimestres","https://www.ine.gob.bo/index.php/boletines-estadisticos-ece/","P0","endogena","Página o documento primario localizado; serie exacta endpoint histórico y derechos pendientes","RESULTADO","Macroeconomia y finanzas","CANDIDATA_POR_CONCILIAR_CON_MODULOS_EXISTENTES"
"MF_WAGE_POLICY","Hogares y empleo","Salario mínimo y ajuste salarial","Monto y porcentaje legal por fecha anuncio aprobación y vigencia","BOB/mes y %","por evento","Bolivia","Costo laboral formal y poder de compra","0-12 meses","https://www.gacetaoficialdebolivia.gob.bo/","P1","condicionante","Fuente candidata; acceso web no logrado; serie y derechos pendientes","CONDICIONANTE","Macroeconomia y finanzas","CANDIDATA_POR_CONCILIAR_CON_MODULOS_EXISTENTES"
"MF_REMIT_ORIGIN_UNEMPLOYMENT","Remesas","Desempleo en países emisores","Tasa de desempleo por país emisor ponderada por remesas de periodo previo","%","anual por vintage","Países emisores","Ingreso de migrantes y remesas futuras","1-4 trimestres","https://data.imf.org/en/datasets/IMF.RES%3AWEO","P1","exogena","Página o documento primario localizado; serie exacta endpoint histórico y derechos pendientes","EXTERNO_CANDIDATO","Macroeconomia y finanzas","CANDIDATA_POR_CONCILIAR_CON_MODULOS_EXISTENTES"
"MF_GDP_SECTOR","Actividad macro","PIB real sectorial","Volumen encadenado por actividad y base documentada; no sumar niveles encadenados sin método","índice y % crecimiento","trimestral y anual","Bolivia","Resultado sectorial para validar impactos","0-8 trimestres","https://www.ine.gob.bo/referencia2017/indice_2.html","P0","endogena","Página o documento primario localizado; serie exacta endpoint histórico y derechos pendientes","RESULTADO","Macroeconomia y finanzas","CANDIDATA_POR_CONCILIAR_CON_MODULOS_EXISTENTES"
"MF_HOUSEHOLD_CONSUMPTION","Actividad macro","Consumo privado real","Gasto final real de hogares según cuentas nacionales y versión estadística","índice y % crecimiento","trimestral propuesta","Bolivia","Demanda de comercio servicios y manufacturas","0-4 trimestres","https://www.ine.gob.bo/referencia2017/indice_2.html","P0","endogena","Página o documento primario localizado; serie exacta endpoint histórico y derechos pendientes","RESULTADO","Macroeconomia y finanzas","CANDIDATA_POR_CONCILIAR_CON_MODULOS_EXISTENTES"
"MF_FIXED_INVESTMENT","Actividad macro","Formación bruta de capital fijo","Inversión real por componente disponible conservando perímetro y revisiones","índice y % crecimiento","trimestral propuesta","Bolivia","Demanda de capital y capacidad futura","1-8 trimestres","https://www.ine.gob.bo/referencia2017/indice_2.html","P1","endogena","Página o documento primario localizado; serie exacta endpoint histórico y derechos pendientes","RESULTADO","Macroeconomia y finanzas","CANDIDATA_POR_CONCILIAR_CON_MODULOS_EXISTENTES"
"MF_CPI_DIVISIONS","Actividad macro","IPC por división y ciudad","Índice oficial por división y dominio con ponderaciones y base","índice y % mensual","mensual","Bolivia y ciudades cubiertas","Inflación sectorial y costo de vida","0-12 meses","https://www.ine.gob.bo/","P0","endogena","Institución identificada; cuadro específico endpoint cobertura y derechos pendientes","RESULTADO","Macroeconomia y finanzas","CANDIDATA_POR_CONCILIAR_CON_MODULOS_EXISTENTES"
"MF_INFLATION_DIFFUSION","Actividad macro","Difusión y persistencia inflacionaria","Porcentaje ponderado de componentes que suben y persistencia a 3 meses con panel estable","% y puntos porcentuales","mensual derivada","Bolivia","Amplitud de transmisión de shocks","0-6 meses","https://www.ine.gob.bo/","P1","endogena","Institución identificada; cuadro específico endpoint cobertura y derechos pendientes","RESULTADO","Macroeconomia y finanzas","CANDIDATA_POR_CONCILIAR_CON_MODULOS_EXISTENTES"
"MF_IMPORT_PROPENSITY","Exposición estructural","Contenido importado sectorial","Coeficientes de insumo importado sobre producción derivados de cuadros oferta utilización","%","anual o benchmark","Bolivia y sector","Multiplicador de shocks de divisas y costos","1-12 meses","https://www.ine.gob.bo/referencia2017/indice_2.html","P1","condicionante","Página o documento primario localizado; serie exacta endpoint histórico y derechos pendientes","CONDICIONANTE","Macroeconomia y finanzas","CANDIDATA_POR_CONCILIAR_CON_MODULOS_EXISTENTES"
"MF_TRADE_RULES","Regulatorio","Cambios de aranceles cuotas y permisos","Evento codificado por producto norma fecha anuncio y vigencia; tasas legales no inventadas","evento y % si aplica","por evento","Bolivia y producto","Costo acceso a mercado e incentivos comerciales","0-12 meses","https://www.gacetaoficialdebolivia.gob.bo/","P0","condicionante","Fuente candidata; acceso web no logrado; serie y derechos pendientes","CONDICIONANTE","Macroeconomia y finanzas","CANDIDATA_POR_CONCILIAR_CON_MODULOS_EXISTENTES"
"MF_FINANCIAL_RULES","Regulatorio","Cambios de reglas financieras","Evento de encaje topes cuotas diferimientos y requisitos con versión legal","evento y parámetro","por evento","Bolivia y entidades","Transmisión de crédito fondeo y pagos","0-12 meses","https://www.gacetaoficialdebolivia.gob.bo/","P1","condicionante","Fuente candidata; acceso web no logrado; serie y derechos pendientes","CONDICIONANTE","Macroeconomia y finanzas","CANDIDATA_POR_CONCILIAR_CON_MODULOS_EXISTENTES"
"MF_TAX_RULES","Regulatorio","Cambios tributarios y devoluciones","Norma codificada por tasa base régimen beneficiario y vigencia efectiva","evento y % si aplica","por evento","Bolivia por actividad","Margen empresarial e inversión","0-24 meses","https://www.gacetaoficialdebolivia.gob.bo/","P1","condicionante","Fuente candidata; acceso web no logrado; serie y derechos pendientes","CONDICIONANTE","Macroeconomia y finanzas","CANDIDATA_POR_CONCILIAR_CON_MODULOS_EXISTENTES"
"MF_POLICY_EVENT_CALENDAR","Riesgo institucional","Calendario de decisiones económicas","Anuncios aprobaciones vigencias y vencimientos de normas; separar expectativas de norma ejecutada","evento y días","por evento","Bolivia","Anticipación o postergación de inversión","0-12 meses","https://www.gacetaoficialdebolivia.gob.bo/","P1","condicionante","Fuente candidata; acceso web no logrado; serie y derechos pendientes","CONDICIONANTE","Macroeconomia y finanzas","CANDIDATA_POR_CONCILIAR_CON_MODULOS_EXISTENTES"
"MF_REGULATORY_UNCERTAINTY","Riesgo institucional","Incertidumbre regulatoria documentada","Conteo de cambios sustantivos y plazos de transición con protocolo de codificación y revisión humana","eventos por mes y días","mensual derivada","Bolivia y sector","Costo de cumplimiento y espera de inversión","1-12 meses","https://www.gacetaoficialdebolivia.gob.bo/","P2","condicionante","Fuente candidata; acceso web no logrado; serie y derechos pendientes","CONDICIONANTE","Macroeconomia y finanzas","CANDIDATA_POR_CONCILIAR_CON_MODULOS_EXISTENTES"
"MF_EXTERNAL_POLICY_SHOCK","Riesgo externo","Shock de política comercial de socios","Cambios de reglas externas que afectan productos bolivianos; norma oficial por jurisdicción","evento y % arancel","por evento","Socios por producto","Demanda externa desvío comercial y precio neto","0-24 meses","","P2","exogena","Pendiente descubrir fuente normativa primaria por socio; WEO no es fuente normativa","EXTERNO_CANDIDATO","Macroeconomia y finanzas","CANDIDATA_POR_CONCILIAR_CON_MODULOS_EXISTENTES"
"MF_ARSUSD","Mercados globales","Peso argentino por dólar","Cotización oficial con régimen y mercado identificados; no equiparar a cotización financiera o informal","ARS/USD","diaria a mensual","Argentina","Costo de alimentos importados comercio fronterizo y turismo","0-6 meses","https://www.bcra.gob.ar/catalogo_de_datos/principales-variables-monetarias-y-financieras/","P0","exogena","Página primaria localizada; código endpoint histórico derechos y reutilización de serie existente pendientes","EXTERNO_CANDIDATO","Macroeconomia y finanzas","CANDIDATA_POR_CONCILIAR_CON_MODULOS_EXISTENTES"
"MF_CLPUSD","Mercados globales","Peso chileno por dólar","Dólar observado según metodología del Banco Central de Chile","CLP/USD","diaria a mensual","Chile","Costos portuarios compras y turismo","0-6 meses","https://www.bcentral.cl/es/web/banco-central/areas/estadisticas/tipos-de-cambios-y-paridades","P0","exogena","Página primaria localizada; código endpoint histórico derechos y reutilización de serie existente pendientes","EXTERNO_CANDIDATO","Macroeconomia y finanzas","CANDIDATA_POR_CONCILIAR_CON_MODULOS_EXISTENTES"
"MF_PENUSD","Mercados globales","Sol peruano por dólar","Cotización por mercado y punta identificados en BCRP","PEN/USD","diaria a mensual","Perú","Comercio fronterizo alimentos y servicios","0-6 meses","https://estadisticas.bcrp.gob.pe/estadisticas/series/diarias","P0","exogena","Página primaria localizada; código endpoint histórico derechos y reutilización de serie existente pendientes","EXTERNO_CANDIDATO","Macroeconomia y finanzas","CANDIDATA_POR_CONCILIAR_CON_MODULOS_EXISTENTES"
"PRD_AG01","Agricultura-soya","Precios del complejo soya","Grano aceite y harina como series separadas por especificación","USD/t","mensual","referencias mundiales","Ingresos exportadores y costo del balanceado boliviano","0-6 meses","https://www.worldbank.org/en/research/commodity-markets","P0","EXTERNO para ingreso agroexportador","EXISTENTE parcial; verificar columnas y vigencia","POR_DEFINIR_SEGUN_OBJETIVO","Produccion y recursos","CANDIDATA_POR_CONCILIAR_CON_MODULOS_EXISTENTES"
"PRD_AG02","Agricultura-soya","Margen teórico de molienda","Valor de coproductos menos grano usando rendimientos técnicos documentados sin costos locales","USD/t de grano","mensual","referencias mundiales","Incentivo de industrialización y presión sobre margen aceitero","0-3 meses","https://www.worldbank.org/en/research/commodity-markets","P1","DERIVADO EXTERNO; no margen observado local","DERIVABLE; requiere parámetros por tecnología","POR_DEFINIR_SEGUN_OBJETIVO","Produccion y recursos","CANDIDATA_POR_CONCILIAR_CON_MODULOS_EXISTENTES"
"PRD_AG03","Agricultura-soya","Oferta competidora sudamericana","Producción y exportación de soya de Brasil Argentina Paraguay por campaña","t; variación %","campaña con revisiones mensuales","país competidor","Competencia por demanda y sustitución de origen","1-12 meses","https://fas.usda.gov/data/databases-applications","P0","EXTERNO para volumen exportado boliviano","FUENTE VERIFICADA; cobertura producto-país por validar","POR_DEFINIR_SEGUN_OBJETIVO","Produccion y recursos","CANDIDATA_POR_CONCILIAR_CON_MODULOS_EXISTENTES"
"PRD_AG04","Agricultura-soya","Inventarios relativos globales","Existencias finales divididas por consumo de soya maíz trigo y arroz","%","campaña con revisiones mensuales","mundo excluyendo Bolivia cuando posible","Tensión de oferta que modula volatilidad de precios","1-6 meses","https://fas.usda.gov/data/databases-applications","P0","DERIVADO EXTERNO para precios bolivianos","DERIVABLE; congelar vintage y año comercial","POR_DEFINIR_SEGUN_OBJETIVO","Produccion y recursos","CANDIDATA_POR_CONCILIAR_CON_MODULOS_EXISTENTES"
"PRD_AG05","Agricultura-cereales","Precios regionales de cereales","Trigo maíz arroz y sorgo por origen calidad y mercado","USD/t","mensual","Argentina Brasil y referentes globales","Costo de harina pan alimento balanceado y competencia local","0-6 meses","https://www.fao.org/giews/food-prices/home/en/","P0","EXTERNO para costo alimentario boliviano","EXISTENTE parcial; no suponer cobertura de toda combinación","POR_DEFINIR_SEGUN_OBJETIVO","Produccion y recursos","CANDIDATA_POR_CONCILIAR_CON_MODULOS_EXISTENTES"
"PRD_AG06","Agricultura-cereales","Balance físico de campañas vecinas","Producción consumo importaciones exportaciones de trigo maíz arroz y sorgo","t","campaña con revisión mensual","Brasil Argentina Paraguay Perú","Oferta disponible de importación y desvío de demanda","1-12 meses","https://fas.usda.gov/data/databases-applications","P1","EXTERNO para disponibilidad de importación","FUENTE VERIFICADA; confirmar cobertura por país y cereal","POR_DEFINIR_SEGUN_OBJETIVO","Produccion y recursos","CANDIDATA_POR_CONCILIAR_CON_MODULOS_EXISTENTES"
"PRD_AG07","Agricultura-quinua","Demanda externa de quinua por destino","Importaciones reportadas por compradores con Bolivia y competidores identificados","t; USD","mensual objetivo; anual inicial","destinos y Perú","Demanda y competencia para quinua del altiplano","1-6 meses","https://comtradeplus.un.org/","P1","EXTERNO si excluye compras a Bolivia; RESULTADO para cuota propia","CANDIDATA; validar HS y peso neto y cobertura mensual","POR_DEFINIR_SEGUN_OBJETIVO","Produccion y recursos","CANDIDATA_POR_CONCILIAR_CON_MODULOS_EXISTENTES"
"PRD_AG08","Agricultura-quinua","Valor unitario competidor de quinua","Valor exportado peruano dividido por masa neta en partida homogénea","USD/kg","mensual objetivo; anual inicial","Perú por destino","Presión competitiva sobre precio de exportación boliviano","0-3 meses","https://comtradeplus.un.org/","P1","PROXY EXTERNO para precio boliviano","DERIVABLE; sesgo de calidad y mezcla contractual","POR_DEFINIR_SEGUN_OBJETIVO","Produccion y recursos","CANDIDATA_POR_CONCILIAR_CON_MODULOS_EXISTENTES"
"PRD_AG09","Agricultura-cafe-cacao","Referencias de café y cacao","Arábica robusta y cacao separados sin equiparar lotes de especialidad","USD/kg","mensual","mercados de referencia","Precio base de exportación de Yungas y Amazonía","0-6 meses","https://www.worldbank.org/en/research/commodity-markets","P0","EXTERNO para ingreso local","EXISTENTE parcial; robusta como sustituto","POR_DEFINIR_SEGUN_OBJETIVO","Produccion y recursos","CANDIDATA_POR_CONCILIAR_CON_MODULOS_EXISTENTES"
"PRD_AG10","Agricultura-cafe-cacao","Oferta mundial de tropicales","Producción y exportaciones de café cacao por países competidores","t","anual; campaña donde exista","Brasil Colombia África occidental","Escasez competidora y sustitución de origen","3-12 meses","https://www.fao.org/statistics/en/","P1","EXTERNO para exportación boliviana","FUENTE VERIFICADA; cobertura y calendario por validar","POR_DEFINIR_SEGUN_OBJETIVO","Produccion y recursos","CANDIDATA_POR_CONCILIAR_CON_MODULOS_EXISTENTES"
"PRD_AG11","Agricultura-especialidades","Prima de calidad y certificación","Diferencia contractual frente al benchmark según calidad orgánico y trazabilidad","USD/kg; %","por contrato; mensual agregado","lote y destino Bolivia","Explica ingreso neto de café cacao quinua castaña","0-6 meses","https://comtradeplus.un.org/","P2","ENDOGENO de calidad y negociación; no precio exógeno","NO DISPONIBLE como serie directa; Comtrade sólo contexto","POR_DEFINIR_SEGUN_OBJETIVO","Produccion y recursos","CANDIDATA_POR_CONCILIAR_CON_MODULOS_EXISTENTES"
"PRD_AG12","Agricultura-cana","Precio mundial de azúcar","Referencia mundial separada de mercado protegido y azúcar refinado","USD/kg","mensual","referencia mundial","Paridad exportadora e incentivo de zafra","0-12 meses","https://www.worldbank.org/en/research/commodity-markets","P0","EXTERNO para ingresos azucareros","EXISTENTE; auditar especificación y base","POR_DEFINIR_SEGUN_OBJETIVO","Produccion y recursos","CANDIDATA_POR_CONCILIAR_CON_MODULOS_EXISTENTES"
"PRD_AG13","Agricultura-cana","Competencia azúcar-etanol","Relación de valor energético del etanol y valor de azúcar con coeficientes publicados","índice; USD equivalente","mensual","Brasil y mercado externo","Asignación de caña y costo de oportunidad regional","1-9 meses","https://www.eia.gov/petroleum/data.php","P1","DERIVADO EXTERNO sólo con mercado representativo","CANDIDATA; EIA ofrece etanol estadounidense no brasileño; falta fuente local equivalente","POR_DEFINIR_SEGUN_OBJETIVO","Produccion y recursos","CANDIDATA_POR_CONCILIAR_CON_MODULOS_EXISTENTES"
"PRD_AG14","Agricultura-frutas","Demanda vecina de fruta fresca","Importaciones de banano cítricos piña y fruta de clima templado por partida y origen","t; USD","mensual objetivo","Argentina Chile Brasil Perú","Demanda exportadora y presión competitiva en fruta boliviana","0-3 meses","https://comtradeplus.un.org/","P1","EXTERNO excluyendo oferta boliviana; RESULTADO cuota propia","CANDIDATA; validar estacionalidad y HS por fruta","POR_DEFINIR_SEGUN_OBJETIVO","Produccion y recursos","CANDIDATA_POR_CONCILIAR_CON_MODULOS_EXISTENTES"
"PRD_AG15","Agricultura-hortalizas","Abastecimiento y precio mayorista perecedero","Precios y cantidades de tomate cebolla papa y otras hortalizas por plaza","Bs/kg; t","semanal objetivo; mensual inicial","ciudad y mercado Bolivia","Validación de shock de oferta y traslado a consumidor","0-2 meses","https://www.fao.org/giews/food-prices/home/en/","P0","RESULTADO local; predictor rezagado condicionado","EXISTENTE parcial de precios; cantidades no verificadas","POR_DEFINIR_SEGUN_OBJETIVO","Produccion y recursos","CANDIDATA_POR_CONCILIAR_CON_MODULOS_EXISTENTES"
"PRD_AG16","Agricultura-fertilizantes","Fertilizantes por nutriente","Urea fosfatos y potasa con precio por producto y conversión a nutriente","USD/t producto; USD/kg nutriente","mensual","mercado mundial y orígenes","Costo de siembra y competitividad de fertilizante boliviano","1-9 meses","https://www.worldbank.org/en/research/commodity-markets","P0","EXTERNO para costo agrícola; precio de exportación contextual","EXISTENTE precios; conversión DERIVABLE con concentración verificada","POR_DEFINIR_SEGUN_OBJETIVO","Produccion y recursos","CANDIDATA_POR_CONCILIAR_CON_MODULOS_EXISTENTES"
"PRD_AG17","Agricultura-insumos","Agroquímicos importados","Valor unitario de herbicidas insecticidas fungicidas por formulación cuando posible","USD/kg","mensual objetivo; anual inicial","origen de importación Bolivia","Costo de control de maleza y plagas","1-6 meses","https://comtradeplus.un.org/","P1","PROXY ENDOGENO de costo puesto en frontera","CANDIDATA; concentración y mezcla impiden precio homogéneo","POR_DEFINIR_SEGUN_OBJETIVO","Produccion y recursos","CANDIDATA_POR_CONCILIAR_CON_MODULOS_EXISTENTES"
"PRD_AG18","Agricultura-insumos","Disponibilidad de semillas","Masa y valor de semillas importadas por especie y tipo","kg; USD","mensual objetivo","Bolivia por origen","Acceso a insumos antes de siembra y adopción tecnológica","1-12 meses","https://comtradeplus.un.org/","P1","PREDETERMINADO estacional; compra responde a expectativas","CANDIDATA; validar códigos y separar grano de semilla","POR_DEFINIR_SEGUN_OBJETIVO","Produccion y recursos","CANDIDATA_POR_CONCILIAR_CON_MODULOS_EXISTENTES"
"PRD_AG19","Agricultura-capital","Maquinaria agrícola importada","Unidades y valor de tractores cosechadoras riego y repuestos","unidades; USD","mensual objetivo","Bolivia por origen","Capacidad futura y exposición a costos externos","3-24 meses","https://comtradeplus.un.org/","P1","ENDOGENO inversión; exposición predeterminada si base fija","CANDIDATA; unidades suplementarias heterogéneas","POR_DEFINIR_SEGUN_OBJETIVO","Produccion y recursos","CANDIDATA_POR_CONCILIAR_CON_MODULOS_EXISTENTES"
"PRD_AG20","Agricultura-territorio","Área sembrada por campaña","Hectáreas por cultivo departamento y campaña de verano e invierno","ha","campaña; anual","Bolivia departamento","Ponderación territorial de shocks y separación margen extensivo","0-12 meses","https://www.ine.gob.bo/index.php/estadisticas-economicas/agropecuaria/","P0","EXPOSICION PREDETERMINADA sólo área previa; área corriente endógena","FUENTE VERIFICADA; desagregación por campaña a validar","POR_DEFINIR_SEGUN_OBJETIVO","Produccion y recursos","CANDIDATA_POR_CONCILIAR_CON_MODULOS_EXISTENTES"
"PRD_AG21","Agricultura-territorio","Producción y rendimiento observados","Toneladas y toneladas por hectárea por cultivo y departamento","t; t/ha","anual agrícola","Bolivia departamento","Resultado a pronosticar y contrastar con shocks climáticos","contemporáneo; validación posterior","https://www.ine.gob.bo/index.php/estadisticas-economicas/agropecuaria/","P0","RESULTADO; prohibido usar futuro como driver","FUENTE VERIFICADA; fechas de publicación por auditar","POR_DEFINIR_SEGUN_OBJETIVO","Produccion y recursos","CANDIDATA_POR_CONCILIAR_CON_MODULOS_EXISTENTES"
"PRD_AG22","Agricultura-agua","Exposición de cultivos al riego","Área equipada para riego y proporción de superficie por cultivo si existe","ha; %","estructural; actualización irregular","Bolivia y cuenca si disponible","Amortigua sequía y cambia sensibilidad del rendimiento","12-60 meses","https://www.fao.org/aquastat/en/","P1","EXPOSICION estructural; inversión endógena a largo plazo","FUENTE VERIFICADA; no afirmar detalle municipal ni anual","POR_DEFINIR_SEGUN_OBJETIVO","Produccion y recursos","CANDIDATA_POR_CONCILIAR_CON_MODULOS_EXISTENTES"
"PRD_AG23","Agricultura-plagas","Presión fitosanitaria regional","Eventos de plagas por especie cultivo ubicación y fecha de detección","evento; ha afectada si publicada","evento; semanal objetivo","países vecinos y Bolivia","Riesgo de rendimiento y restricciones comerciales","0-6 meses","https://www.ippc.int/en/countries/reportingsystem-summary/all/","P2","SHOCK CONDICIONAL; detección depende de vigilancia","FUENTE VERIFICADA boletines; cobertura Bolivia región y área afectada por validar","POR_DEFINIR_SEGUN_OBJETIVO","Produccion y recursos","CANDIDATA_POR_CONCILIAR_CON_MODULOS_EXISTENTES"
"PRD_AG24","Agricultura-margenes","Margen agrícola estandarizado por cadena","Ingreso de rendimiento fijo menos canasta de semillas fertilizante energía y logística","USD/ha; índice","mensual y campaña","arquetipo productivo boliviano","Comparar sensibilidad económica de soya trigo quinua papa café cacao caña","1-12 meses","https://www.worldbank.org/en/research/commodity-markets","P1","ESCENARIO DERIVADO; margen realizado es resultado","DERIVABLE parcialmente; requiere costos técnicos locales y supuestos visibles","POR_DEFINIR_SEGUN_OBJETIVO","Produccion y recursos","CANDIDATA_POR_CONCILIAR_CON_MODULOS_EXISTENTES"
"PRD_LV01","Pecuario-bovino","Precio exportador competidor bovino","Precio brasileño separado de referencia australiana neozelandesa","USD/kg","mensual","Brasil y mercados globales","Ingreso potencial de ganadería y frigoríficos bolivianos","1-6 meses","https://www.fao.org/giews/food-prices/home/en/","P0","EXTERNO para ingreso exportador local","EXISTENTE parcial; validar corte y base carcasa","POR_DEFINIR_SEGUN_OBJETIVO","Produccion y recursos","CANDIDATA_POR_CONCILIAR_CON_MODULOS_EXISTENTES"
"PRD_LV02","Pecuario-alimentacion","Costo de ración por especie","Canasta técnica maíz soya sorgo minerales por pollo cerdo vacuno leche y peces","USD/t ración; índice","mensual","benchmark y arquetipo Bolivia","Costo variable de proteína animal y presión en precios","1-6 meses","https://www.worldbank.org/en/research/commodity-markets","P0","DERIVADO EXTERNO con ponderaciones técnicas fijas","DERIVABLE; recetas locales y costos faltantes a verificar","POR_DEFINIR_SEGUN_OBJETIVO","Produccion y recursos","CANDIDATA_POR_CONCILIAR_CON_MODULOS_EXISTENTES"
"PRD_LV03","Avicultura-sanidad","Brotes regionales de influenza aviar","Focos por fecha de inicio y reporte distinguiendo aves comerciales silvestres y otros huéspedes","eventos; aves afectadas","evento; semanal agregado","Bolivia vecinos y exportadores","Mortalidad restricciones y encarecimiento de carne huevos y genética","0-6 meses","https://www.woah.org/en/what-we-do/animal-health-and-welfare/disease-data-collection/world-animal-health-information-system/","P0","SHOCK CONDICIONAL; exposición previa necesaria","FUENTE VERIFICADA; exportación histórica y reporte por validar","POR_DEFINIR_SEGUN_OBJETIVO","Produccion y recursos","CANDIDATA_POR_CONCILIAR_CON_MODULOS_EXISTENTES"
"PRD_LV04","Pecuario-sanidad","Brotes de enfermedades ganaderas","Fiebre aftosa peste porcina y eventos relevantes separados por especie","eventos; animales afectados","evento; semanal agregado","Bolivia y vecinos","Pérdida productiva y acceso a mercados","0-12 meses","https://www.woah.org/en/what-we-do/animal-health-and-welfare/disease-data-collection/world-animal-health-information-system/","P1","SHOCK CONDICIONAL; prevalencia observada no aleatoria","FUENTE VERIFICADA; distinguir sospecha confirmación y simulacro","POR_DEFINIR_SEGUN_OBJETIVO","Produccion y recursos","CANDIDATA_POR_CONCILIAR_CON_MODULOS_EXISTENTES"
"PRD_LV05","Lecheria","Referencias internacionales de lácteos","Leche en polvo entera descremada mantequilla y queso separados","USD/t","mensual","Oceanía Europa y referencias regionales","Costo de sustitutos importados y paridad industrial","1-6 meses","https://www.fao.org/giews/food-prices/home/en/","P0","EXTERNO para precio industrial local","EXISTENTE parcial; no precio de leche cruda","POR_DEFINIR_SEGUN_OBJETIVO","Produccion y recursos","CANDIDATA_POR_CONCILIAR_CON_MODULOS_EXISTENTES"
"PRD_LV06","Pecuario-reproduccion","Genética y material reproductivo importado","Pollitos reproductores animales de raza semen y huevos fértiles por especie","unidades; USD","mensual objetivo","Bolivia por origen","Oferta futura con distintos ciclos biológicos","2-36 meses según especie","https://comtradeplus.un.org/","P1","PREDETERMINADO condicional; inversión endógena","CANDIDATA; detalle HS y cobertura de unidades a validar","POR_DEFINIR_SEGUN_OBJETIVO","Produccion y recursos","CANDIDATA_POR_CONCILIAR_CON_MODULOS_EXISTENTES"
"PRD_LV07","Pecuario-stock","Existencias y estructura del hato","Cabezas por especie y edad sexo si publicados","cabezas","anual","Bolivia departamento","Exposición productiva y ciclo de oferta de carne leche huevos fibra","3-36 meses","https://www.ine.gob.bo/index.php/estadisticas-economicas/agropecuaria/","P0","EXPOSICION rezagada; resultado estructural","FUENTE VERIFICADA; categorías y cobertura por validar","POR_DEFINIR_SEGUN_OBJETIVO","Produccion y recursos","CANDIDATA_POR_CONCILIAR_CON_MODULOS_EXISTENTES"
"PRD_LV08","Pecuario-resultados","Faena leche huevos y productos apícolas","Volúmenes físicos separados por producto y especie","cabezas; litros; unidades; kg","mensual objetivo; anual según publicación","Bolivia departamento","Resultados para evaluar traspaso de alimentación clima y sanidad","contemporáneo","https://www.ine.gob.bo/index.php/estadisticas-economicas/agropecuaria/","P0","RESULTADO; evitar inclusión contemporánea explicativa","FUENTE VERIFICADA rubro; frecuencia específica a validar","POR_DEFINIR_SEGUN_OBJETIVO","Produccion y recursos","CANDIDATA_POR_CONCILIAR_CON_MODULOS_EXISTENTES"
"PRD_LV09","Pecuario-camelidos","Mercado de fibras de camélidos y lana","Importaciones de destinos y exportaciones competidoras por fibra sin equiparar alpaca llama vicuña","kg; USD/kg","anual inicial; mensual candidato","Perú y destinos","Demanda para productores del altiplano y textiles","1-12 meses","https://comtradeplus.un.org/","P2","PROXY EXTERNO para demanda boliviana","CANDIDATA; especies y calidades pueden agregarse en HS","POR_DEFINIR_SEGUN_OBJETIVO","Produccion y recursos","CANDIDATA_POR_CONCILIAR_CON_MODULOS_EXISTENTES"
"PRD_LV10","Pecuario-clima","Estrés térmico y forrajero","Índice temperatura-humedad y anomalía de vegetación ponderados por hato previo","índice THI; desviación estándar","diaria; decadal agregada","cuenca lechera y área ganadera Bolivia","Menor leche ganancia de peso fertilidad y mayor costo de alimento","0-3 meses","https://climate.copernicus.eu/climate-reanalysis","P0","CLIMA plausiblemente externo; vegetación puede ser mediador","DERIVABLE con fórmula y umbrales por especie; ERA no observación de corral","POR_DEFINIR_SEGUN_OBJETIVO","Produccion y recursos","CANDIDATA_POR_CONCILIAR_CON_MODULOS_EXISTENTES"
"PRD_FO01","Forestal-madera","Precios de madera tropical por especie","Precios indicativos por especie dimensión grado proceso y puerto","USD/m3","quincenal; mensual agregado","Brasil Perú y mercado tropical","Competitividad forestal y costo maderero de construcción","1-6 meses","https://www.itto.int/market_information_service/","P1","EXTERNO condicionado a comparabilidad de producto","FUENTE VERIFICADA; registro gratuito; derechos redistribución por revisar","POR_DEFINIR_SEGUN_OBJETIVO","Produccion y recursos","CANDIDATA_POR_CONCILIAR_CON_MODULOS_EXISTENTES"
"PRD_FO02","Forestal-castana","Demanda y competencia de castaña","Importaciones de compradores y exportaciones de competidores diferenciando con cáscara y pelada","kg; USD/kg","mensual objetivo; anual inicial","Brasil Perú y destinos","Ingreso recolector industrial y exportador amazónico","1-9 meses","https://comtradeplus.un.org/","P1","EXTERNO excluyendo participación boliviana; valor unitario proxy","CANDIDATA; validar producto calidad y peso","POR_DEFINIR_SEGUN_OBJETIVO","Produccion y recursos","CANDIDATA_POR_CONCILIAR_CON_MODULOS_EXISTENTES"
"PRD_FO03","Forestal-produccion","Oferta forestal legal y extracción","Volumen por producto forestal y origen con permisos si disponibles","m3; t","anual","Bolivia departamento cuando disponible","Resultado productivo y exposición del empleo forestal","contemporáneo; exposición año previo","https://www.fao.org/statistics/en/","P1","RESULTADO; autorización como control institucional","FUENTE VERIFICADA forestal; legalidad y detalle requieren registro nacional","POR_DEFINIR_SEGUN_OBJETIVO","Produccion y recursos","CANDIDATA_POR_CONCILIAR_CON_MODULOS_EXISTENTES"
"PRD_FO04","Pesca-acuicultura","Precio de insumos acuícolas","Harina y aceite de pescado como referencias separadas y otros ingredientes de ración","USD/t","mensual","mercado internacional","Costo alimenticio del cultivo de peces según especie y receta","1-6 meses","https://www.worldbank.org/en/research/commodity-markets","P1","EXTERNO para costo; no principal insumo universal","EXISTENTE harina; aceite por confirmar; receta no verificada","POR_DEFINIR_SEGUN_OBJETIVO","Produccion y recursos","CANDIDATA_POR_CONCILIAR_CON_MODULOS_EXISTENTES"
"PRD_FO05","Pesca-acuicultura","Oferta pesquera competidora","Captura y cultivo de países vecinos por especie","t","anual","Perú Brasil Argentina Chile","Competencia de importación y señal estructural de oferta","3-12 meses","https://www.fao.org/statistics/data-dissemination/fishery-and-aquaculture/","P1","EXTERNO para mercado boliviano; demanda global confusora","FUENTE VERIFICADA; especies y continuidad por validar","POR_DEFINIR_SEGUN_OBJETIVO","Produccion y recursos","CANDIDATA_POR_CONCILIAR_CON_MODULOS_EXISTENTES"
"PRD_FO06","Pesca-acuicultura","Producción acuícola y pesquera local","Captura y cultivo diferenciados por especie y sistema de producción","t","anual; mensual sólo si registro existe","Bolivia y cuenca candidata","Resultado de agua alimento sanidad y demanda","contemporáneo","https://www.fao.org/statistics/data-dissemination/fishery-and-aquaculture/","P1","RESULTADO; validación de drivers","FUENTE VERIFICADA; cobertura Bolivia y cuenca por confirmar","POR_DEFINIR_SEGUN_OBJETIVO","Produccion y recursos","CANDIDATA_POR_CONCILIAR_CON_MODULOS_EXISTENTES"
"PRD_EN01","Hidrocarburos-crudo","Curva de precios de crudo de referencia","Brent y WTI al contado separados; diferencial geográfico","USD/barril","diaria origen; mensual visual","mar del Norte y Cushing","Costo importado y referencia contextual para ingreso energético","0-9 meses","https://www.worldbank.org/en/research/commodity-markets","P0","EXTERNO para Bolivia; shock global con demanda común","EXISTENTE mensual; ampliación diaria requiere proveedor","POR_DEFINIR_SEGUN_OBJETIVO","Produccion y recursos","CANDIDATA_POR_CONCILIAR_CON_MODULOS_EXISTENTES"
"PRD_EN02","Hidrocarburos-refinados","Precios de diésel gasolina jet y GLP","Cotizaciones por calidad y hub con conversión volumétrica explícita","USD/galón; USD/barril","diaria; semanal y mensual agregado","Golfo de EEUU y hubs verificables","Costo potencial de abastecimiento de transporte agro industria y aviación","0-3 meses","https://www.eia.gov/petroleum/data.php","P0","EXTERNO para costo importado boliviano","EXISTENTE parcial vía FRED; jet ampliar y validar","POR_DEFINIR_SEGUN_OBJETIVO","Produccion y recursos","CANDIDATA_POR_CONCILIAR_CON_MODULOS_EXISTENTES"
"PRD_EN03","Hidrocarburos-refinados","Diferencial de refinación por producto","Precio de producto convertido a barril menos crudo compatible","USD/barril","diaria; mensual","mismo hub o ajuste geográfico","Distingue shock de refinería de shock del petróleo","0-3 meses","https://www.eia.gov/petroleum/data.php","P0","DERIVADO EXTERNO; no margen neto de refinería","DERIVABLE; incluir rendimiento y especificación si se llama crack spread","POR_DEFINIR_SEGUN_OBJETIVO","Produccion y recursos","CANDIDATA_POR_CONCILIAR_CON_MODULOS_EXISTENTES"
"PRD_EN04","Hidrocarburos-oferta","Inventarios y uso de refinerías externos","Stocks de productos y utilización de capacidad por región estadounidense","barriles; %","semanal","EEUU y costa del Golfo","Tensión internacional de disponibilidad de combustibles","0-3 meses","https://www.eia.gov/petroleum/data.php","P1","EXTERNO para Bolivia; indicador de equilibrio global","FUENTE VERIFICADA; series concretas a mapear","POR_DEFINIR_SEGUN_OBJETIVO","Produccion y recursos","CANDIDATA_POR_CONCILIAR_CON_MODULOS_EXISTENTES"
"PRD_EN05","Hidrocarburos-gas","Referencias de gas y GNL por mercado","Henry Hub Europa y GNL Japón separados de precio contractual boliviano","USD/MMBtu","mensual","EEUU Europa Asia","Competencia indirecta y costo alternativo para compradores","0-9 meses","https://www.worldbank.org/en/research/commodity-markets","P0","EXTERNO contextual; proxy débil del contrato bilateral","EXISTENTE; revisar metodología de cada columna","POR_DEFINIR_SEGUN_OBJETIVO","Produccion y recursos","CANDIDATA_POR_CONCILIAR_CON_MODULOS_EXISTENTES"
"PRD_EN06","Hidrocarburos-gas","Precio efectivo de gas exportado","Ingreso declarado dividido por energía entregada con poder calorífico consistente","USD/MMBtu","mensual objetivo","Bolivia por comprador y contrato","Resultado de fórmula contractual calidad renegociación y demanda","0-9 meses según contrato","https://www.ine.gob.bo/index.php/estadisticas-economicas/hidrocarburos-mineria/","P0","RESULTADO; fórmula pactada rezagada puede ser predeterminada","CANDIDATA; falta contrato energía y calendario de revisión verificables","POR_DEFINIR_SEGUN_OBJETIVO","Produccion y recursos","CANDIDATA_POR_CONCILIAR_CON_MODULOS_EXISTENTES"
"PRD_EN07","Hidrocarburos-contratos","Exposición contractual de gas","Índices de referencia ventanas rezagos mínimos y vencimientos por contrato vigente","parámetros; fecha; volumen mínimo","por versión contractual","Bolivia por contraparte","Transforma precio externo en flujo de caja y riesgo de renovación","3-24 meses; contractual","https://www.ine.gob.bo/index.php/estadisticas-economicas/hidrocarburos-mineria/","P1","EXPOSICION contractual predeterminada; renegociación endógena","NO VERIFICADA fuente contractual; INE sólo contraste de resultados","POR_DEFINIR_SEGUN_OBJETIVO","Produccion y recursos","CANDIDATA_POR_CONCILIAR_CON_MODULOS_EXISTENTES"
"PRD_EN08","Hidrocarburos-importacion","Valor unitario y volumen de combustibles importados","Valor masa y volumen por producto y origen sin llamar precio al agregado","USD/kg; t; litros si existen","mensual objetivo; anual inicial","Bolivia frontera por socio","Factura de importación y disponibilidad declarada","0-3 meses","https://comtradeplus.un.org/","P0","RESULTADO ENDOGENO; benchmark externo por separado","EXISTENTE aduana parcial anual; mensual y densidad por verificar","POR_DEFINIR_SEGUN_OBJETIVO","Produccion y recursos","CANDIDATA_POR_CONCILIAR_CON_MODULOS_EXISTENTES"
"PRD_EN09","Hidrocarburos-abastecimiento","Despachos y ventas locales de combustibles","Volumen por producto departamento y canal si se publica","litros; m3","mensual objetivo","Bolivia departamento","Restricción productiva y distancia entre importación y consumo","0-3 meses","https://www.anh.gob.bo/w2019/contenido.php?s=8","P0","MEDIADOR y RESULTADO; no escasez causal por sí solo","FUENTE documental VERIFICADA; continuidad reciente y detalle por verificar","POR_DEFINIR_SEGUN_OBJETIVO","Produccion y recursos","CANDIDATA_POR_CONCILIAR_CON_MODULOS_EXISTENTES"
"PRD_EN10","Hidrocarburos-produccion","Producción gas líquidos y declinación","Volumen por campo cuando disponible y tasa de cambio ajustada por paradas","m3/día; barriles/día; %","mensual","Bolivia campo y departamento","Capacidad exportadora oferta doméstica y demanda de servicios petroleros","1-24 meses","https://www.ine.gob.bo/index.php/estadisticas-economicas/hidrocarburos-mineria/","P0","RESULTADO; capacidad previa exposición predeterminada","FUENTE VERIFICADA; campo y causas de caída por validar","POR_DEFINIR_SEGUN_OBJETIVO","Produccion y recursos","CANDIDATA_POR_CONCILIAR_CON_MODULOS_EXISTENTES"
"PRD_EN11","Electricidad-hidrologia","Aportes y reservas hidroeléctricas","Caudal afluente volumen de embalses y energía almacenada diferenciados","m3/s; hm3; GWh","semanal; diaria si existe","embalse y cuenca Bolivia","Disponibilidad hidroeléctrica y sustitución por generación térmica","0-6 meses","https://www.cndc.bo/resultados-operativos/","P0","AFLUENTE candidato externo; reserva ENDOGENA de despacho","FUENTE VERIFICADA en portal; descarga histórica por probar","POR_DEFINIR_SEGUN_OBJETIVO","Produccion y recursos","CANDIDATA_POR_CONCILIAR_CON_MODULOS_EXISTENTES"
"PRD_EN12","Electricidad-operacion","Indisponibilidad y reserva eléctrica","MW fuera de servicio duración de fallas y capacidad disponible","MW; horas; %","evento; horaria objetivo","SIN planta y nodo","Riesgo de interrupción para industria comercio minería y servicios","0-1 mes","https://www.cndc.bo/resultados-operativos/","P0","SHOCK CONDICIONAL; mantenimiento planificado predeterminado","FUENTE VERIFICADA portal; detalle y acceso de cada reporte por confirmar","POR_DEFINIR_SEGUN_OBJETIVO","Produccion y recursos","CANDIDATA_POR_CONCILIAR_CON_MODULOS_EXISTENTES"
"PRD_EN13","Electricidad-resultados","Generación demanda y costo marginal","Energía por tecnología potencia máxima y costo de despacho separados","MWh; MW; USD/MWh","horaria origen; mensual agregado","SIN área y departamento","Resultado operativo y actividad económica industrial","contemporáneo","https://www.cndc.bo/resultados-operativos/","P0","RESULTADO ENDOGENO; demanda como nowcast sin afirmar causalidad","FUENTE VERIFICADA; provisionalidad y cortes de datos por guardar","POR_DEFINIR_SEGUN_OBJETIVO","Produccion y recursos","CANDIDATA_POR_CONCILIAR_CON_MODULOS_EXISTENTES"
"PRD_EN14","Electricidad-renovables","Recurso solar eólico y potencial técnico","Radiación viento y simulación de producción con curva de planta fija","W/m2; m/s; MWh simulados","horaria; diaria y mensual","parque y emplazamiento Bolivia","Variabilidad renovable demanda residual y necesidad térmica","0-3 meses","https://climate.copernicus.eu/climate-reanalysis","P1","CLIMA EXTERNO; potencial calculado no generación real","DERIVABLE; altura orientación curva y pérdidas por documentar","POR_DEFINIR_SEGUN_OBJETIVO","Produccion y recursos","CANDIDATA_POR_CONCILIAR_CON_MODULOS_EXISTENTES"
"PRD_MI01","Mineria-precios","Metales base de exportación","Zinc plomo estaño y cobre por especificación de benchmark","USD/t metal","mensual; diaria candidata","mercado de referencia de cada metal","Valor exportable incentivos de producción y regalías","0-6 meses","https://www.worldbank.org/en/research/commodity-markets","P0","EXTERNO para Bolivia; control de ciclo global","EXISTENTE; corregir mercado genérico si inexacto","POR_DEFINIR_SEGUN_OBJETIVO","Produccion y recursos","CANDIDATA_POR_CONCILIAR_CON_MODULOS_EXISTENTES"
"PRD_MI02","Mineria-precios","Metales preciosos","Oro y plata en onza troy por referencia exacta","USD/onza troy","mensual; diaria candidata","mercado internacional especificado","Ingresos mineros y sensibilidad de cartera exportadora","0-6 meses","https://www.worldbank.org/en/research/commodity-markets","P0","EXTERNO para Bolivia; canal financiero compartido","EXISTENTE; no asignar LME genérica","POR_DEFINIR_SEGUN_OBJETIVO","Produccion y recursos","CANDIDATA_POR_CONCILIAR_CON_MODULOS_EXISTENTES"
"PRD_MI03","Mineria-hierro-acero","Precio de mineral de hierro y acero competidor","Mineral por ley humedad y destino separado de acero elaborado","USD/t seca; índice acero","mensual","referencia hierro y productores externos","Viabilidad metalúrgica y costos de metalmecánica","1-12 meses","https://www.worldbank.org/en/research/commodity-markets","P0","EXTERNO para valor mineral; no precio de acero boliviano","EXISTENTE parcial; ley y base CFR por auditar","POR_DEFINIR_SEGUN_OBJETIVO","Produccion y recursos","CANDIDATA_POR_CONCILIAR_CON_MODULOS_EXISTENTES"
"PRD_MI04","Mineria-concentrados","Descuento y liquidación de concentrados","Cargos tratamiento refinación recuperabilidad penalidades y flete por contrato","USD/t seca; USD/lb; % pagable","contrato; mensual objetivo","mina fundición y destino","Diferencia entre precio de metal y ingreso neto boliviano","0-6 meses","https://www.usgs.gov/publications/mineral-commodity-summaries-2026","P1","EXPOSICION contractual y costo; endógeno a calidad y oferta","NO VERIFICADA serie TC/RC pública local; USGS sólo contexto","POR_DEFINIR_SEGUN_OBJETIVO","Produccion y recursos","CANDIDATA_POR_CONCILIAR_CON_MODULOS_EXISTENTES"
"PRD_MI05","Mineria-criticos","Oferta y referencias de minerales críticos","Antimonio tungsteno bismuto indio y otros por material y grado","t; USD/unidad según mineral","anual","país productor y mundo","Diversifica lectura más allá de zinc oro plata y estaño","3-24 meses","https://www.usgs.gov/publications/mineral-commodity-summaries-2026","P1","EXTERNO para productores bolivianos; estadísticas anuales","FUENTE VERIFICADA; precio por mineral puede ser licenciado o indirecto","POR_DEFINIR_SEGUN_OBJETIVO","Produccion y recursos","CANDIDATA_POR_CONCILIAR_CON_MODULOS_EXISTENTES"
"PRD_MI06","Mineria-litio","Precio de litio por compuesto y grado","Carbonato técnico batería hidróxido y contenido litio sin agregarlos","USD/t compuesto; USD/t Li contenido","anual público; mensual condicionado","mercados externos y referencia Bolivia","Valoración de ingresos potenciales y competencia","0-12 meses","https://www.usgs.gov/publications/mineral-commodity-summaries-2026","P1","EXTERNO para precio; contrato local distinto","FUENTE VERIFICADA anual; serie mensual homogénea no confirmada","POR_DEFINIR_SEGUN_OBJETIVO","Produccion y recursos","CANDIDATA_POR_CONCILIAR_CON_MODULOS_EXISTENTES"
"PRD_MI07","Mineria-litio","Oferta competidora y demanda de litio","Producción consumo y capacidad anunciada separada de instalada","t Li; t LCE; t/año","anual; evento de proyecto","Australia Chile Argentina China y mundo","Riesgo de sobreoferta y tiempos de entrada boliviana","6-36 meses","https://www.usgs.gov/publications/mineral-commodity-summaries-2026","P1","EXTERNO para Bolivia; anuncios no producción","FUENTE VERIFICADA; capacidad y demanda requieren conciliación","POR_DEFINIR_SEGUN_OBJETIVO","Produccion y recursos","CANDIDATA_POR_CONCILIAR_CON_MODULOS_EXISTENTES"
"PRD_MI08","Mineria-litio","Producción venta y utilización YLB","Carbonato y potasio por cantidad ingreso y capacidad técnicamente comprobada","t; Bs; % utilización","mensual cuando reporte; anual","Uyuni y operación YLB","Resultado comercial e industrial y separación de capacidad teórica","contemporáneo","https://www.ylb.gob.bo/wp-content/uploads/2026/03/Informe_de_RPCF_2025_Publicado.pdf","P1","RESULTADO; no driver externo","PUBLICACION VERIFICADA 2025; no endpoint ni actualización automática confirmados","POR_DEFINIR_SEGUN_OBJETIVO","Produccion y recursos","CANDIDATA_POR_CONCILIAR_CON_MODULOS_EXISTENTES"
"PRD_MI09","Mineria-insumos","Costo de reactivos y consumibles mineros","Ácido sulfúrico cal cianuro explosivos bolas de molienda por insumo","índice; USD/kg proxy","mensual","productores externos y Bolivia frontera","Costo de procesamiento y mantenimiento","1-6 meses","https://www.bls.gov/ppi/overview.htm","P1","EXTERNO PPI; ENDOGENO valor unitario importado","CANDIDATA; mapear series BLS; sustituibilidad y restricciones por documentar","POR_DEFINIR_SEGUN_OBJETIVO","Produccion y recursos","CANDIDATA_POR_CONCILIAR_CON_MODULOS_EXISTENTES"
"PRD_MI10","Mineria-productividad","Volumen ley y recuperación minera","Contenido fino producción concentrada ley de cabeza y recuperación separadas","t finas; % ley; % recuperación","mensual objetivo; anual disponible","Bolivia mina y departamento","Descomposición cantidad calidad y eficiencia productiva","contemporáneo; reserva previa 6-36 meses","https://www.ine.gob.bo/index.php/estadisticas-economicas/hidrocarburos-mineria/","P0","RESULTADO; geología conocida exposición predeterminada","FUENTE VERIFICADA producción; ley y recuperación no verificadas","POR_DEFINIR_SEGUN_OBJETIVO","Produccion y recursos","CANDIDATA_POR_CONCILIAR_CON_MODULOS_EXISTENTES"
"PRD_MI11","Mineria-agua","Exposición hídrica y energética minera","Participación de agua y energía en costos con cuenca y suministro identificados","m3/t; kWh/t; % costo","estructural; mensual escenario","yacimiento planta salar y cuenca Bolivia","Amplifica sequía y fallas eléctricas sobre costo unitario","0-12 meses","https://www.fao.org/aquastat/en/","P1","EXPOSICION técnica; intensidad realizada endógena","CANDIDATA; AQUASTAT no prueba intensidades de cada operación","POR_DEFINIR_SEGUN_OBJETIVO","Produccion y recursos","CANDIDATA_POR_CONCILIAR_CON_MODULOS_EXISTENTES"
"PRD_MI12","Mineria-acceso","Concentración de compradores y fundiciones","Participación por destino e índice de concentración de exportación mineral","%; índice HHI","anual; trimestral candidato","Bolivia por metal y destino","Dependencia de mercado y vulnerabilidad logística","1-12 meses","https://comtradeplus.un.org/","P1","EXPOSICION rezagada; concentración corriente resultado","DERIVABLE con HS y geografía; no identifica comprador empresarial","POR_DEFINIR_SEGUN_OBJETIVO","Produccion y recursos","CANDIDATA_POR_CONCILIAR_CON_MODULOS_EXISTENTES"
"PRD_MA01","Manufactura-alimentos","Canasta de materias primas de alimentos","Índice ponderado por receta para molienda pan pastas aceites azúcar chocolate y conservas","índice base fija; USD/t producto teórico","mensual","cadena industrial Bolivia con referencias externas","Costo industrial separado de precio al consumidor","1-6 meses","https://www.worldbank.org/en/research/commodity-markets","P0","DERIVADO EXTERNO si pesos fijos; no margen contable","DERIVABLE; documentar receta y evitar doble conteo de componentes","POR_DEFINIR_SEGUN_OBJETIVO","Produccion y recursos","CANDIDATA_POR_CONCILIAR_CON_MODULOS_EXISTENTES"
"PRD_MA02","Manufactura-bebidas","Costo de insumos de bebidas","Concentrados malta azúcar vidrio aluminio PET y tapas por tipo de bebida","USD/kg proxy; índice","mensual objetivo","orígenes importadores Bolivia","Presión en costo de cerveza gaseosas jugos y agua envasada","1-6 meses","https://comtradeplus.un.org/","P1","PROXY ENDOGENO frontera; benchmark separado","CANDIDATA; separar alcohol graduación envase y mezcla","POR_DEFINIR_SEGUN_OBJETIVO","Produccion y recursos","CANDIDATA_POR_CONCILIAR_CON_MODULOS_EXISTENTES"
"PRD_MA03","Manufactura-textiles","Fibras textiles internacionales","Algodón lana y fibras sintéticas por especificación","USD/kg; índice","mensual","referencias internacionales","Costo de hilandería tejido y prendas","1-6 meses","https://www.worldbank.org/en/research/commodity-markets","P1","EXTERNO para costo textil","FUENTE VERIFICADA; algodón ampliar; demás fibras por confirmar","POR_DEFINIR_SEGUN_OBJETIVO","Produccion y recursos","CANDIDATA_POR_CONCILIAR_CON_MODULOS_EXISTENTES"
"PRD_MA04","Manufactura-textiles","Competencia externa de prendas y telas","Volúmenes y valores unitarios importados por tejido prenda fibra y origen","kg; unidades; USD/unidad","mensual objetivo; anual inicial","Bolivia y vecinos","Sustitución de producción nacional y presión de margen","0-9 meses","https://comtradeplus.un.org/","P1","ENDOGENO comercio formal; no mide contrabando","CANDIDATA; canasta HS calidad y cantidades suplementarias a validar","POR_DEFINIR_SEGUN_OBJETIVO","Produccion y recursos","CANDIDATA_POR_CONCILIAR_CON_MODULOS_EXISTENTES"
"PRD_MA05","Manufactura-cuero","Pieles cuero curtido y calzado","Precios proxy de importación y exportación separados por etapa y especie","USD/kg; USD/par","mensual objetivo; anual inicial","Bolivia Brasil y otros proveedores","Costo de curtiembre y competencia de calzado","1-9 meses","https://comtradeplus.un.org/","P1","EXTERNO para comercio competidor; RESULTADO para Bolivia","CANDIDATA; curtido área y peso no intercambiables","POR_DEFINIR_SEGUN_OBJETIVO","Produccion y recursos","CANDIDATA_POR_CONCILIAR_CON_MODULOS_EXISTENTES"
"PRD_MA06","Manufactura-quimica","Químicos básicos e intermedios","Índices de químicos orgánicos inorgánicos solventes y ácidos por industria","índice PPI base publicada","mensual","EEUU como proxy externo","Costo de limpieza pinturas adhesivos minería y manufactura","1-6 meses","https://www.bls.gov/ppi/overview.htm","P1","PROXY EXTERNO geográficamente limitado","EXISTENTE parcial; mapear detalle y exposición real","POR_DEFINIR_SEGUN_OBJETIVO","Produccion y recursos","CANDIDATA_POR_CONCILIAR_CON_MODULOS_EXISTENTES"
"PRD_MA07","Manufactura-farmaceutica","Insumos farmacéuticos importados","Valor masa y país de origen de principios activos excipientes y envases cuando HS permite","USD/kg; kg","mensual objetivo; anual inicial","Bolivia por proveedor","Costo y riesgo de abastecimiento para laboratorios","1-9 meses","https://comtradeplus.un.org/","P1","ENDOGENO frontera; concentración previa exposición","CANDIDATA; HS puede no identificar molécula; no inventar desagregación","POR_DEFINIR_SEGUN_OBJETIVO","Produccion y recursos","CANDIDATA_POR_CONCILIAR_CON_MODULOS_EXISTENTES"
"PRD_MA08","Manufactura-farmaceutica","Concentración y dependencia de proveedores","HHI y porcentaje de origen dominante por partida farmacéutica crítica","%; índice HHI","anual base; revisión trimestral","proveedor-país y Bolivia","Sensibilidad a interrupción de un país o ruta","1-12 meses","https://comtradeplus.un.org/","P1","EXPOSICION PREDETERMINADA usando año previo","DERIVABLE; país no equivale a fabricante; validar reexportación","POR_DEFINIR_SEGUN_OBJETIVO","Produccion y recursos","CANDIDATA_POR_CONCILIAR_CON_MODULOS_EXISTENTES"
"PRD_MA09","Manufactura-plasticos","Resinas y elastómeros","Índices o referencias de PE PP PET PVC y caucho natural separados","índice; USD/kg cuando precio","mensual","EEUU y benchmark mundial","Costo de envases tuberías y bienes plásticos","1-6 meses","https://www.bls.gov/ppi/overview.htm","P0","PROXY EXTERNO; agregado no da cada polímero","EXISTENTE índices agregados; detalle por polímero por verificar","POR_DEFINIR_SEGUN_OBJETIVO","Produccion y recursos","CANDIDATA_POR_CONCILIAR_CON_MODULOS_EXISTENTES"
"PRD_MA10","Manufactura-papel","Celulosa papel y cartón","Canasta por pulpa virgen reciclado kraft corrugado e impresión","índice PPI; USD/t proxy","mensual","productores externos y orígenes Bolivia","Costos de empaque editorial escolar e higiene","1-6 meses","https://www.bls.gov/ppi/overview.htm","P1","PROXY EXTERNO con mercado de origen explícito","CANDIDATA; identificar series y revisión de base","POR_DEFINIR_SEGUN_OBJETIVO","Produccion y recursos","CANDIDATA_POR_CONCILIAR_CON_MODULOS_EXISTENTES"
"PRD_MA11","Manufactura-metalmecanica","Metales transformados y semielaborados","Láminas barras tubos alambre aluminio y cobre manufacturado separados","índice; USD/t proxy","mensual","EEUU y países proveedores","Costo de estructuras mobiliario maquinaria y reparación","1-6 meses","https://www.bls.gov/ppi/overview.htm","P0","PROXY EXTERNO; no precio de compra boliviano","EXISTENTE acero alambre barras parcial; ampliar mapeo","POR_DEFINIR_SEGUN_OBJETIVO","Produccion y recursos","CANDIDATA_POR_CONCILIAR_CON_MODULOS_EXISTENTES"
"PRD_MA12","Manufactura-maquinaria","Precio y disponibilidad de bienes de capital","Importaciones de máquinas industriales repuestos motores bombas y rodamientos","unidades; USD; USD/unidad proxy","mensual objetivo","Bolivia por origen y cadena","Capacidad futura mantenimiento y cuellos de producción","3-24 meses","https://comtradeplus.un.org/","P1","ENDOGENO inversión; shocks proveedores externos aparte","CANDIDATA; heterogeneidad impide índice simple sin composición fija","POR_DEFINIR_SEGUN_OBJETIVO","Produccion y recursos","CANDIDATA_POR_CONCILIAR_CON_MODULOS_EXISTENTES"
"PRD_MA13","Manufactura-electrica","Equipos eléctricos y electrónicos industriales","Transformadores cables motores paneles baterías controles y componentes","unidades; kg; USD","mensual objetivo","Bolivia por origen","Costo de expansión eléctrica automatización y mantenimiento","2-18 meses","https://comtradeplus.un.org/","P1","ENDOGENO comercio; dependencia previa exposición","CANDIDATA; separar equipo completo y componente","POR_DEFINIR_SEGUN_OBJETIVO","Produccion y recursos","CANDIDATA_POR_CONCILIAR_CON_MODULOS_EXISTENTES"
"PRD_MA14","Manufactura-fertilizantes","Competitividad exportadora de fertilizantes","Precio benchmark menos costo técnico de gas energía logística por unidad","USD/t; índice","mensual","arquetipo urea y potasa Bolivia","Margen potencial industrial y competencia regional","1-12 meses","https://www.worldbank.org/en/research/commodity-markets","P1","ESCENARIO DERIVADO; producción real endógena","DERIVABLE parcial; no afirmar costos YPFB o YLB sin evidencia","POR_DEFINIR_SEGUN_OBJETIVO","Produccion y recursos","CANDIDATA_POR_CONCILIAR_CON_MODULOS_EXISTENTES"
"PRD_MA15","Manufactura-bioenergia","Insumos y balance de biocombustibles","Aceites vegetales grasas etanol y coproductos por rendimiento energético documentado","USD/t; USD/GJ","mensual","mercados externos y arquetipo Bolivia","Costo de biodiésel etanol y competencia con alimento","1-12 meses","https://www.worldbank.org/en/research/commodity-markets","P1","DERIVADO EXTERNO con parámetros fijos","DERIVABLE parcial; tecnología mezcla y tarifas locales faltantes","POR_DEFINIR_SEGUN_OBJETIVO","Produccion y recursos","CANDIDATA_POR_CONCILIAR_CON_MODULOS_EXISTENTES"
"PRD_MA16","Manufactura-produccion","Volumen industrial por rama","Producción física ventas y utilización si existe por rama manufacturera","índice; t; %","trimestral objetivo; mensual cuando fuente","Bolivia rama y departamento si disponible","Resultados para medir resiliencia de cada cadena","contemporáneo","https://www.ine.gob.bo/index.php/estadisticas-economicas/industria-manufacturera-y-comercio/estadisticas-coyunturales-cuadros-estadisticos/","P0","RESULTADO; nunca driver externo causal","FUENTE VERIFICADA; tablas consultadas muestran cortes antiguos en algunos índices","POR_DEFINIR_SEGUN_OBJETIVO","Produccion y recursos","CANDIDATA_POR_CONCILIAR_CON_MODULOS_EXISTENTES"
"PRD_MA17","Manufactura-exposicion","Intensidad de insumos importados","Participación de insumos importados en estructura de costo por rama y año base","% costo; % consumo intermedio","anual estructural","rama industrial Bolivia","Pondera vulnerabilidad frente a precios divisas y logística","1-12 meses","https://comtradeplus.un.org/","P1","EXPOSICION previa; no inferir sólo de importaciones","NO DERIVABLE con Comtrade solo; requiere matriz oferta-utilización o encuesta costos","POR_DEFINIR_SEGUN_OBJETIVO","Produccion y recursos","CANDIDATA_POR_CONCILIAR_CON_MODULOS_EXISTENTES"
"PRD_CO01","Construccion-materiales","Canasta externa de materiales","Cemento acero vidrio madera cerámica y aislantes como índices independientes","índice base fija","mensual","mercado productor extranjero","Componente internacional de costo de obra","1-6 meses","https://www.bls.gov/ppi/overview.htm","P0","PROXY EXTERNO; traspaso local por estimar","EXISTENTE parcial; no equiparar PPI EEUU a Bs de obra","POR_DEFINIR_SEGUN_OBJETIVO","Produccion y recursos","CANDIDATA_POR_CONCILIAR_CON_MODULOS_EXISTENTES"
"PRD_CO02","Construccion-costos","Índice local de costo de construcción","Costo por tipo de edificio ciudad y componente publicado","índice; variación %","trimestral o frecuencia oficial","Bolivia ciudades cubiertas","Resultado local de materiales salarios transporte y financiación","0-6 meses","https://www.ine.gob.bo/index.php/estadisticas-economicas/construccion/","P0","RESULTADO ENDOGENO; control rezagado para presupuesto","FUENTE VERIFICADA; cobertura base y frecuencia a validar","POR_DEFINIR_SEGUN_OBJETIVO","Produccion y recursos","CANDIDATA_POR_CONCILIAR_CON_MODULOS_EXISTENTES"
"PRD_CO03","Construccion-cemento","Producción ventas y consumo aparente","Toneladas por departamento con conciliación comercio y existencias cuando posible","t","mensual","Bolivia departamento","Actividad de obra y restricciones de abastecimiento","0-3 meses","https://www.ine.gob.bo/index.php/estadisticas-economicas/construccion/","P0","RESULTADO; indicador adelantado sólo para resultado posterior distinto","FUENTE VERIFICADA; consumo aparente no consumo físico exacto","POR_DEFINIR_SEGUN_OBJETIVO","Produccion y recursos","CANDIDATA_POR_CONCILIAR_CON_MODULOS_EXISTENTES"
"PRD_CO04","Construccion-permisos","Permisos y superficie autorizada","Número de permisos y metros cuadrados por municipio cubierto","permisos; m2","mensual objetivo","municipios Bolivia con publicación","Cartera futura de construcción formal","3-18 meses","https://www.ine.gob.bo/index.php/estadisticas-economicas/construccion/","P0","ADELANTADO ENDOGENO a demanda; no shock externo","FUENTE VERIFICADA; permisos no inicios ni obra concluida","POR_DEFINIR_SEGUN_OBJETIVO","Produccion y recursos","CANDIDATA_POR_CONCILIAR_CON_MODULOS_EXISTENTES"
"PRD_CO05","Construccion-clima","Días técnicamente adversos para obra","Lluvia calor viento y heladas sobre umbrales específicos de tarea","días; horas","diaria; mensual","ciudad y proyecto Bolivia","Retraso de hormigonado movimiento de tierras y seguridad operativa","0-3 meses","https://climate.copernicus.eu/climate-reanalysis","P1","CLIMA externo; días perdidos observados endógenos","DERIVABLE; umbral por tarea y validación de estaciones","POR_DEFINIR_SEGUN_OBJETIVO","Produccion y recursos","CANDIDATA_POR_CONCILIAR_CON_MODULOS_EXISTENTES"
"PRD_CO06","Inmobiliario-oferta","Oferta nueva y absorción observada","Unidades iniciadas terminadas vendidas y stock por segmento si hay registro","unidades; meses de inventario","mensual o trimestral objetivo","ciudad zona y tipo de inmueble","Resultado para detectar sobreoferta y rezagos de obra","3-24 meses","https://www.ine.gob.bo/index.php/estadisticas-economicas/construccion/","P2","RESULTADO; permisos sólo aproximación de pipeline","NO VERIFICADA serie completa; requiere registro o convenio; anuncios no ventas","POR_DEFINIR_SEGUN_OBJETIVO","Produccion y recursos","CANDIDATA_POR_CONCILIAR_CON_MODULOS_EXISTENTES"
"PRD_CO07","Inmobiliario-precios","Precios y alquileres de inmueble homogéneo","Índices por tipo ubicación área antigüedad y condición de transacción","Bs/m2; USD/m2; índice hedónico","mensual objetivo","ciudad zona y segmento Bolivia","Resultado de costo crédito ingreso y expectativas","1-24 meses","https://www.ine.gob.bo/index.php/estadisticas-economicas/construccion/","P2","RESULTADO ENDOGENO; precio anunciado no realizado","NO VERIFICADA serie transaccional; INE construcción no prueba disponibilidad","POR_DEFINIR_SEGUN_OBJETIVO","Produccion y recursos","CANDIDATA_POR_CONCILIAR_CON_MODULOS_EXISTENTES"
"PRD_CO08","Construccion-capital","Maquinaria y equipo de construcción importado","Equipos viales grúas excavadoras mezcladoras y repuestos por partida","unidades; USD","mensual objetivo","Bolivia por origen","Capacidad futura y costo de mantenimiento de obra","3-24 meses","https://comtradeplus.un.org/","P1","ENDOGENO inversión; exposición previa predeterminada","CANDIDATA; separar nuevo usado alquiler y repuesto","POR_DEFINIR_SEGUN_OBJETIVO","Produccion y recursos","CANDIDATA_POR_CONCILIAR_CON_MODULOS_EXISTENTES"
"PRD_CL01","Clima-lluvia","Precipitación y anomalía territorial","Acumulado y desvío respecto a climatología fija por cuenca y área productiva","mm; %; desviación estándar","pentadal primaria; mensual","grilla y polígonos Bolivia","Agua productiva sequía inundación y costo de transporte","0-12 meses por fase productiva","https://www.chc.ucsb.edu/data/chirps3","P0","CLIMA plausiblemente externo al resultado económico","FUENTE VERIFICADA v3; implementación espacial y contraste local pendientes","POR_DEFINIR_SEGUN_OBJETIVO","Produccion y recursos","CANDIDATA_POR_CONCILIAR_CON_MODULOS_EXISTENTES"
"PRD_CL02","Clima-sequia","Sequía multiescala y rachas secas","SPI por ventanas y días consecutivos bajo umbral documentado","índice SPI; días","pentadal; mensual","cuenca y cultivo Bolivia","Pérdida de rendimiento pasturas y reservas de agua","1-12 meses","https://www.chc.ucsb.edu/data/chirps3","P0","DERIVADO CLIMATICO; seleccionar ventana fuera de muestra","DERIVABLE; diaria v3 desagregada no observación uniforme de estación","POR_DEFINIR_SEGUN_OBJETIVO","Produccion y recursos","CANDIDATA_POR_CONCILIAR_CON_MODULOS_EXISTENTES"
"PRD_CL03","Clima-temperatura","Extremos térmicos agrícolas","Mínima máxima heladas y grados-día por cultivo con umbrales documentados","°C; días; grados-día","horaria origen; diaria agregado","grilla cuenca altitud y cultivo Bolivia","Daño de floración maduración estrés laboral y demanda energética","0-9 meses","https://climate.copernicus.eu/climate-reanalysis","P0","CLIMA plausiblemente externo; clima esperado afecta siembra","FUENTE VERIFICADA; sesgo por relieve y representatividad a evaluar","POR_DEFINIR_SEGUN_OBJETIVO","Produccion y recursos","CANDIDATA_POR_CONCILIAR_CON_MODULOS_EXISTENTES"
"PRD_CL04","Clima-suelo","Humedad de suelo por estrato","Contenido volumétrico y percentil estacional por capas de suelo","m3/m3; percentil","diaria; mensual","área agrícola y cuenca Bolivia","Agua disponible para cultivo y persistencia de sequía","0-6 meses","https://climate.copernicus.eu/climate-reanalysis","P0","CLIMA MODELADO; puede mediar entre lluvia y rendimiento","FUENTE VERIFICADA familia; profundidad y procesamiento por verificar","POR_DEFINIR_SEGUN_OBJETIVO","Produccion y recursos","CANDIDATA_POR_CONCILIAR_CON_MODULOS_EXISTENTES"
"PRD_CL05","Clima-evaporacion","Demanda evaporativa y balance hídrico","Evapotranspiración potencial o referencia con método explícito y lluvia menos demanda","mm/día; mm/mes","diaria; mensual","cuenca cultivo y salar Bolivia","Necesidad de riego concentración de salmueras y estrés hídrico","0-6 meses","https://climate.copernicus.eu/climate-reanalysis","P1","DERIVADO CLIMATICO; no intercambiar PET y evapotranspiración real","DERIVABLE; seleccionar fórmula validada y registrar supuestos","POR_DEFINIR_SEGUN_OBJETIVO","Produccion y recursos","CANDIDATA_POR_CONCILIAR_CON_MODULOS_EXISTENTES"
"PRD_CL06","Clima-enso","Estado y evolución de ENSO","Índice oceánico ONI y su vintage sin traducir mecánicamente a lluvia local","°C anomalía","media móvil trimestral publicada","Pacífico tropical","Señal adelantada probabilística para escenarios regionales","1-9 meses","https://www.cpc.ncep.noaa.gov/products/analysis_monitoring/ensostuff/ONI_v5.php","P0","EXTERNO a Bolivia; efecto heterogéneo por región y estación","FUENTE VERIFICADA; distinguir observado pronosticado y revisado","POR_DEFINIR_SEGUN_OBJETIVO","Produccion y recursos","CANDIDATA_POR_CONCILIAR_CON_MODULOS_EXISTENTES"
"PRD_CL07","Clima-incendios","Detecciones térmicas y exposición al fuego","Conteo depurado potencia radiativa y proximidad a cultivo bosque infraestructura","detecciones; MW radiativo; km","diaria","píxel y polígono Bolivia","Riesgo agropecuario forestal logístico sanitario y energético","0-6 meses","https://firms.modaps.eosdis.nasa.gov/active_fire/","P0","SHOCK CONDICIONAL; ignición humana y gestión endógenas","FUENTE VERIFICADA; focos no hectáreas ni incendios independientes","POR_DEFINIR_SEGUN_OBJETIVO","Produccion y recursos","CANDIDATA_POR_CONCILIAR_CON_MODULOS_EXISTENTES"
"PRD_CL08","Clima-vegetacion","Anomalía de vegetación y fenología","NDVI EVI y calendario de crecimiento por máscara de cultivo o pastura","índice; percentil; fecha","16 días o mensual según producto","área productiva Bolivia","Señal de condición de cultivo y forraje antes de cosecha","0-6 meses","https://search.earthdata.nasa.gov/search?q=mod13","P0","MEDIADOR y NOWCAST; no shock externo puro","FUENTE VERIFICADA productos MOD13; QA y máscara pendientes","POR_DEFINIR_SEGUN_OBJETIVO","Produccion y recursos","CANDIDATA_POR_CONCILIAR_CON_MODULOS_EXISTENTES"
"PRD_CL09","Agua-disponibilidad","Recursos extracción y presión hídrica","Recursos renovables extracción sectorial y razón de uso con comparabilidad temporal","km3/año; %","anual cuando haya dato; estructural","Bolivia; cuenca sólo si fuente adicional","Exposición de agricultura industria ciudades y minería","12-60 meses","https://www.fao.org/aquastat/en/","P1","EXPOSICION estructural; extracción responde a economía","FUENTE VERIFICADA; no interpolar observaciones irregulares como medición anual","POR_DEFINIR_SEGUN_OBJETIVO","Produccion y recursos","CANDIDATA_POR_CONCILIAR_CON_MODULOS_EXISTENTES"
"PRD_CL10","Agua-inundacion","Exceso de lluvia y superficie inundable","Precipitación extrema por cuenca y exposición estática; inundación observada requiere otra fuente","mm; ha expuestas; probabilidad si calibrada","pentadal; evento","Beni Amazonía y demás cuencas Bolivia","Pérdida de activos ganado cosecha accesibilidad y salud","0-12 meses","https://www.chc.ucsb.edu/data/chirps3","P1","CLIMA externo; daño depende de exposición y respuesta","DERIVABLE proxy lluvia; NO inferir mapa de inundación sólo de precipitación","POR_DEFINIR_SEGUN_OBJETIVO","Produccion y recursos","CANDIDATA_POR_CONCILIAR_CON_MODULOS_EXISTENTES"
"PRD_CL11","Biodiversidad-cobertura","Cobertura y fragmentación de hábitat","Área y conectividad de bosque pastizal humedal y mosaico productivo","ha; %; índice conectividad","edición disponible; estructural","polígono y corredor Bolivia","Exposición de agua polinización suelos fuego y economía forestal","12-60 meses","https://esa-worldcover.org/en","P1","EXPOSICION; cambio de uso endógeno; proxy no riqueza de especies","FUENTE VERIFICADA WorldCover 2020 y 2021; no prometer serie anual reciente","POR_DEFINIR_SEGUN_OBJETIVO","Produccion y recursos","CANDIDATA_POR_CONCILIAR_CON_MODULOS_EXISTENTES"
"PRD_CL12","Biodiversidad-servicios","Dependencia productiva de servicios ecosistémicos","Proporción de cultivos dependientes de polinización y exposición a erosión o humedal","% producción expuesta; índice","estructural con revisión anual","cadena cuenca y municipio Bolivia","Sensibilidad a deterioro ambiental y riesgo de suministro","6-60 meses","https://www.fao.org/statistics/en/","P2","EXPOSICION DERIVADA; causalidad requiere diseño adicional","CANDIDATA; requiere coeficientes científicos y cartografía; no dataset listo","POR_DEFINIR_SEGUN_OBJETIVO","Produccion y recursos","CANDIDATA_POR_CONCILIAR_CON_MODULOS_EXISTENTES"
"PRD_CL13","Clima-shocks-compuestos","Exposición simultánea a shocks físicos","Intersección de sequía calor fuego inundación y activos con ventanas coherentes","% área expuesta; conteo de eventos","pentadal; mensual","cultivo cuenca ciudad infraestructura Bolivia","Detecta pérdidas no lineales y concentración territorial de riesgo","0-12 meses","https://www.chc.ucsb.edu/data/chirps3","P1","DERIVADO; correlación no independencia; fuego parcialmente endógeno","DERIVABLE con ERA FIRMS y capas base; conservar componentes","POR_DEFINIR_SEGUN_OBJETIVO","Produccion y recursos","CANDIDATA_POR_CONCILIAR_CON_MODULOS_EXISTENTES"
"ST_001","COMERCIO","Costo importado de bienes de consumo","Valor CIF por kg por HS y origen con cesta fija y separado del volumen","USD/kg","Mensual","Bolivia-aduana-país socio","Reposición de inventario y margen minorista","1-6 meses","https://anuario.ine.gob.bo/2024/paginas/cap05.html","P0","TRANSMISION","Cuadros públicos; valor unitario derivado no precio puro","CONDICIONANTE","Servicios y territorio","CANDIDATA_POR_CONCILIAR_CON_MODULOS_EXISTENTES"
"ST_002","COMERCIO","Volumen de importación de bienes de consumo","Peso neto y unidades homologadas por HS para durables y no durables","t/unidades","Mensual","Bolivia-aduana-origen","Oferta comercial y disponibilidad","0-3 meses","https://anuario.ine.gob.bo/2024/paginas/cap05.html","P0","RESULTADO","Cuadros públicos; mezcla y unidades requieren auditoría","RESULTADO","Servicios y territorio","CANDIDATA_POR_CONCILIAR_CON_MODULOS_EXISTENTES"
"ST_003","COMERCIO","Índice de costo externo de cesta minorista","Variación ponderada de insumos mundiales con pesos importadores rezagados","índice base fija","Mensual","Mundo a Bolivia por rubro","Presión externa sobre costo de mercancías","1-6 meses","https://www.worldbank.org/en/research/commodity-markets","P0","EXTERNA","Derivado propuesto; no usar precios finales de Bolivia como shock","EXTERNO_CANDIDATO","Servicios y territorio","CANDIDATA_POR_CONCILIAR_CON_MODULOS_EXISTENTES"
"ST_004","COMERCIO","Altas y renovaciones de comercios","Flujos de registros empresariales separados del stock por actividad","empresas","Mensual","Departamento-rubro formal","Capacidad y entrada comercial","0-6 meses","https://www.seprec.gob.bo/index.php/datos/","P0","RESULTADO","Publicaciones disponibles; no mide informalidad ni supervivencia real","RESULTADO","Servicios y territorio","CANDIDATA_POR_CONCILIAR_CON_MODULOS_EXISTENTES"
"ST_005","COMERCIO","Pagos digitales por instrumento","Número y valor de QR tarjetas y transferencias sin sumar instrumentos superpuestos","operaciones/Bs","Mensual a confirmar","Bolivia","Fricción transaccional y formalización","0-3 meses","https://www.bcb.gob.bo/webdocs/publicacionesbcb/2023/04/35/SISTEMA%20DE%20PAGOS%202022.pdf","P1","RESULTADO","Informe histórico verificado; archivo reciente y desagregación por comercio pendientes","RESULTADO","Servicios y territorio","CANDIDATA_POR_CONCILIAR_CON_MODULOS_EXISTENTES"
"ST_006","COMERCIO","Ticket medio digital por instrumento","Valor transado dividido entre operaciones homogéneas","Bs/operación","Mensual a confirmar","Bolivia","Composición del consumo y uso de pagos","0-3 meses","https://www.bcb.gob.bo/webdocs/publicacionesbcb/2023/04/35/SISTEMA%20DE%20PAGOS%202022.pdf","P1","TRANSMISION","Derivado; transferencias entre personas impiden llamarlo ticket minorista","CONDICIONANTE","Servicios y territorio","CANDIDATA_POR_CONCILIAR_CON_MODULOS_EXISTENTES"
"ST_007","COMERCIO","Demora internacional de reposición","Días de pedido a recepción por origen producto y corredor","días","Semanal objetivo","Asia/vecinos a ciudades bolivianas","Capital de trabajo y quiebre de stock","0-3 meses","https://aduana.gob.bo/sites/default/files/memoria/MEMORIA%202025_0.pdf","P2","TRANSMISION","No existe serie abierta verificada; estudio aduanero cubre solo parte","CONDICIONANTE","Servicios y territorio","CANDIDATA_POR_CONCILIAR_CON_MODULOS_EXISTENTES"
"ST_008","COMERCIO","Competencia importada por origen","Participación de orígenes y concentración HHI por HS minorista","%/HHI","Mensual","Bolivia-país socio-HS","Dependencia de proveedores y sustitución","3-12 meses","https://anuario.ine.gob.bo/2024/paginas/cap05.html","P0","EXPOSICION","Derivable de comercio oficial; no representa contrabando","EXPOSICION","Servicios y territorio","CANDIDATA_POR_CONCILIAR_CON_MODULOS_EXISTENTES"
"ST_009","COMERCIO","Inventario y quiebre de stock comercial","Días de venta cubiertos y proporción de SKU sin disponibilidad","días/%","Semanal objetivo","Ciudades-tiendas-categorías","Amplificación de shocks externos","0-2 meses","https://www.seprec.gob.bo/index.php/datos/","P2","TRANSMISION","Brecha; requiere panel voluntario; registro comercial no publica inventarios","CONDICIONANTE","Servicios y territorio","CANDIDATA_POR_CONCILIAR_CON_MODULOS_EXISTENTES"
"ST_010","TRANSPORTE","Cierre vial por fenómeno natural","Horas de tramo inhabilitado por inundación derrumbe o nieve","horas/tramo","Diaria objetivo","Red Vial Fundamental-corridor","Interrupción de suministro y turismo","0-8 semanas","https://transitabilidad.abc.gob.bo/captcha-form","P1","EXTERNA_CONDICIONAL","Portal con CAPTCHA; histórico y acceso autorizado pendientes","EXTERNO_CONDICIONAL","Servicios y territorio","CANDIDATA_POR_CONCILIAR_CON_MODULOS_EXISTENTES"
"ST_011","TRANSPORTE","Bloqueo vial social","Horas y tramos interrumpidos por causa social con inicio y fin","horas/tramo","Diaria objetivo","Corredor-municipio","Costos de entrega y pérdida de ventas","0-8 semanas","https://transitabilidad.abc.gob.bo/captcha-form","P1","EVENTO_LOCAL_ENDOGENO","Portal restringido; causa requiere validación y puede responder a crisis","EVENTO_LOCAL_ENDOGENO","Servicios y territorio","CANDIDATA_POR_CONCILIAR_CON_MODULOS_EXISTENTES"
"ST_012","TRANSPORTE","Pasajeros carreteros","Flujo de pasajeros por red y mes","personas","Mensual","Troncal/complementaria Bolivia","Demanda de movilidad y servicios","0-2 meses","https://www.ine.gob.bo/index.php/estadisticas-economicas/transportes/cuadros-estadisticos-t/","P0","RESULTADO","Cuadros oficiales; no asumir cobertura de todo transporte informal","RESULTADO","Servicios y territorio","CANDIDATA_POR_CONCILIAR_CON_MODULOS_EXISTENTES"
"ST_013","TRANSPORTE","Cantidad transportada carretera","Índice por carga pasajeros y flujo con base identificada","índice","Mensual","Bolivia-red","Actividad logística y producción","0-3 meses","https://www.ine.gob.bo/index.php/estadisticas-economicas/transportes/cuadros-estadisticos-t/","P0","RESULTADO","Cuadros oficiales; conservar base 1990 frente a referencia 2017","RESULTADO","Servicios y territorio","CANDIDATA_POR_CONCILIAR_CON_MODULOS_EXISTENTES"
"ST_014","TRANSPORTE","Carga ferroviaria","Toneladas transportadas por red y mercancía disponible","t","Mensual","Red Andina/Oriental","Capacidad de evacuación exportadora","0-3 meses","https://www.ine.gob.bo/index.php/estadisticas-economicas/transportes/cuadros-estadisticos-t/","P0","RESULTADO","Cuadros públicos; categorías concretas deben auditarse","RESULTADO","Servicios y territorio","CANDIDATA_POR_CONCILIAR_CON_MODULOS_EXISTENTES"
"ST_015","TRANSPORTE","Pasajeros aéreos por ruta","Personas transportadas nacional/internacional por flujo y ruta","personas","Mensual","Aeropuertos-rutas Bolivia","Movilidad negocios turismo y conectividad","0-3 meses","https://www.ine.gob.bo/index.php/estadisticas-economicas/transportes/cuadros-estadisticos-t/","P0","RESULTADO","Cuadros desde 2009 indicados por INE","RESULTADO","Servicios y territorio","CANDIDATA_POR_CONCILIAR_CON_MODULOS_EXISTENTES"
"ST_016","TRANSPORTE","Carga aérea por ruta","Peso de carga nacional/internacional por ruta y flujo","t","Mensual","Aeropuertos-rutas Bolivia","Urgencia logística insumos perecederos y comercio digital","0-2 meses","https://www.ine.gob.bo/index.php/estadisticas-economicas/transportes/cuadros-estadisticos-t/","P0","RESULTADO","Cuadros desde 2009 indicados por INE","RESULTADO","Servicios y territorio","CANDIDATA_POR_CONCILIAR_CON_MODULOS_EXISTENTES"
"ST_017","TRANSPORTE","Oferta internacional de asientos","Asientos programados por aeropuerto ruta y semana","asientos","Semanal objetivo","Bolivia-hubs extranjeros","Restricción de acceso para turismo y negocios","1-6 meses","https://www.ine.gob.bo/index.php/estadisticas-economicas/transportes/cuadros-estadisticos-t/","P2","TRANSMISION","INE publica flujos; programación requiere aerolíneas o proveedor con licencia","CONDICIONANTE","Servicios y territorio","CANDIDATA_POR_CONCILIAR_CON_MODULOS_EXISTENTES"
"ST_018","TRANSPORTE","Precio externo del combustible aéreo","Referencia internacional de jet fuel separada del precio local regulado","USD/galón","Diaria/mensual","Mercado externo proveedor","Costo aéreo y tarifa internacional","1-4 meses","https://fred.stlouisfed.org/","P1","EXTERNA","Fuente candidata; identificar serie primaria EIA y cobertura","EXTERNO_CANDIDATO","Servicios y territorio","CANDIDATA_POR_CONCILIAR_CON_MODULOS_EXISTENTES"
"ST_019","TRANSPORTE","Capacidad fluvial efectiva","Carga autorizada por convoy según calado nivel y restricciones","t/convoy","Diaria objetivo","Hidrovía Paraguay-Paraná","Costo unitario y capacidad exportadora","0-2 meses","https://alerta.ina.gob.ar/a5/diario/reporte_diario","P2","TRANSMISION","Nivel disponible; relación calado-carga requiere datos de operador","CONDICIONANTE","Servicios y territorio","CANDIDATA_POR_CONCILIAR_CON_MODULOS_EXISTENTES"
"ST_020","LOGISTICA","Nivel hidrométrico Paraguay-Paraná","Altura por estación respecto a cero local sin comparar ceros distintos","m","Diaria","Estaciones de hidrovía","Riesgo de bajante y navegabilidad","0-8 semanas","https://alerta.ina.gob.ar/a5/diario/reporte_diario","P0","EXTERNA_CONDICIONAL","Reporte y catálogo verificados; estación no equivale a canal Tamengo","EXTERNO_CONDICIONAL","Servicios y territorio","CANDIDATA_POR_CONCILIAR_CON_MODULOS_EXISTENTES"
"ST_021","LOGISTICA","Horas de cierre portuario por marejada","Horas no operativas por restricción marítima en puerto de entrada","horas","Evento/mensual objetivo","Arica y luego otros puertos","Demora importadora y demurrage","0-8 semanas","https://puertoarica.cl/novedad/puerto-de-arica-crece-6-en-transferencia-de-carga-en-primer-semestre","P1","EXTERNA","Publicación agregada verificada; construir archivo con autoridad marítima","EXTERNO_CANDIDATO","Servicios y territorio","CANDIDATA_POR_CONCILIAR_CON_MODULOS_EXISTENTES"
"ST_022","LOGISTICA","Carga boliviana por puerto","Toneladas en tránsito Bolivia por importación y exportación","t","Anual/semestral observado","Arica-Bolivia","Dependencia logística y utilización de corredor","0-6 meses","https://puertoarica.cl/estadisticas-transferencia-de-carga","P0","RESULTADO","Tablas públicas; no prometer detalle mensual continuo","RESULTADO","Servicios y territorio","CANDIDATA_POR_CONCILIAR_CON_MODULOS_EXISTENTES"
"ST_023","LOGISTICA","Productividad de transferencia portuaria","Toneladas transferidas por hora publicada y definiciones operativas","t/hora","Anual observado","Arica","Cuello de botella externo y tiempos","0-6 meses","https://puertoarica.cl/estadisticas-transferencia-de-carga","P1","TRANSMISION","Indicador público; composición de carga afecta productividad","CONDICIONANTE","Servicios y territorio","CANDIDATA_POR_CONCILIAR_CON_MODULOS_EXISTENTES"
"ST_024","LOGISTICA","Diversificación de aduanas de ingreso","Participaciones por aduana y HHI ponderado por valor/peso","%/HHI","Mensual/anual según tabla","Fronteras Bolivia","Vulnerabilidad a cierre de un corredor","0-12 meses","https://anuario.ine.gob.bo/2024/paginas/cap05.html","P0","EXPOSICION","Tablas por aduana verificadas; modelar destino final aparte","EXPOSICION","Servicios y territorio","CANDIDATA_POR_CONCILIAR_CON_MODULOS_EXISTENTES"
"ST_025","LOGISTICA","Tiempo de despacho aduanero","Horas por etapa arribo aforo y levante con mediana y percentil 90","horas","Estudio/eventual","Aduana-paso Bolivia","Capital inmovilizado e incertidumbre de entrega","0-3 meses","https://aduana.gob.bo/sites/default/files/memoria/MEMORIA%202025_0.pdf","P1","TRANSMISION","Estudios y memoria; no se verificó panel abierto mensual","CONDICIONANTE","Servicios y territorio","CANDIDATA_POR_CONCILIAR_CON_MODULOS_EXISTENTES"
"ST_026","TURISMO","Llegadas internacionales por origen","Viajeros/visitantes según definición nacionalidad y modo","personas","Mensual según publicación","Bolivia-frontera-origen","Demanda externa de alojamiento y consumo","0-2 meses","https://anda.ine.gob.bo/index.php/catalog/200","P0","RESULTADO","Metadatos verificados; no confundir nacionalidad residencia y turistas","RESULTADO","Servicios y territorio","CANDIDATA_POR_CONCILIAR_CON_MODULOS_EXISTENTES"
"ST_027","TURISMO","Ingreso a establecimientos hoteleros","Ingresos por ciudad tipo de visitante y mes","personas","Mensual","Ciudades cubiertas por INE","Actividad hotelera local","0-1 mes","https://www.ine.gob.bo/index.php/estadisticas-economicas/turismo/estadisticas-hoteleras-cuadros-estadisticos/","P0","RESULTADO","Tablas 2020-2026 indicadas; cobertura fuera de ciudades pendiente","RESULTADO","Servicios y territorio","CANDIDATA_POR_CONCILIAR_CON_MODULOS_EXISTENTES"
"ST_028","TURISMO","Capacidad hotelera instalada","Establecimientos habitaciones y camas por categoría disponibles","unidades","Anual","Ciudades-categoría","Elasticidad de oferta y saturación","6-24 meses","https://www.ine.gob.bo/index.php/estadisticas-economicas/turismo/estadisticas-hoteleras-cuadros-estadisticos/","P0","EXPOSICION","Oferta hotelera publicada; revisar variables exactas","EXPOSICION","Servicios y territorio","CANDIDATA_POR_CONCILIAR_CON_MODULOS_EXISTENTES"
"ST_029","TURISMO","Tarifa hotelera por categoría","Tarifa promedio publicada sin equiparar a tarifa efectiva reservada","Bs/noche","Anual","Ciudades-categoría","Competitividad precio y recuperación de costos","0-12 meses","https://www.ine.gob.bo/index.php/estadisticas-economicas/turismo/estadisticas-hoteleras-cuadros-estadisticos/","P0","RESULTADO","Tabla pública; no equivale a ADR ni RevPAR","RESULTADO","Servicios y territorio","CANDIDATA_POR_CONCILIAR_CON_MODULOS_EXISTENTES"
"ST_030","TURISMO","Pernoctaciones y estancia media","Noches registradas y noches por llegada de misma cobertura","noches/noches por visitante","Mensual objetivo","Ciudades-categoría","Duración de demanda y gasto local","0-2 meses","https://anda.ine.gob.bo/index.php/catalog/149","P1","RESULTADO","Variable descrita; acceso a tabla actual debe confirmarse","RESULTADO","Servicios y territorio","CANDIDATA_POR_CONCILIAR_CON_MODULOS_EXISTENTES"
"ST_031","TURISMO","Calendario de vacaciones y feriados emisores","Días de descanso por país emisor y anticipación de reservas","días/binario","Diaria","Argentina Brasil Chile Perú y emisores clave","Estacionalidad externa de viajes","0-6 meses","https://anda.ine.gob.bo/index.php/catalog/200","P1","EXTERNA","Brecha de fuente calendario; cruzar normas oficiales país por país","EXTERNO_CANDIDATO","Servicios y territorio","CANDIDATA_POR_CONCILIAR_CON_MODULOS_EXISTENTES"
"ST_032","TURISMO","Concentración de mercados emisores","HHI de visitantes por residencia/nacionalidad de definición fija","HHI","Mensual/anual","Bolivia-destino-origen","Exposición a recesión o restricción de un país","3-12 meses","https://anda.ine.gob.bo/index.php/catalog/200","P0","EXPOSICION","Derivable sujeto a desglose disponible","EXPOSICION","Servicios y territorio","CANDIDATA_POR_CONCILIAR_CON_MODULOS_EXISTENTES"
"ST_033","TURISMO","Costo externo de cesta gastronómica","Índice de alimentos importados gas y envases con pesos de receta fijos","índice","Mensual","Mundo a restaurantes Bolivia","Margen gastronómico y menú","1-4 meses","https://www.worldbank.org/en/research/commodity-markets","P1","EXTERNA","Construcción propuesta; salarios y alquileres deben ir en módulo local","EXTERNO_CANDIDATO","Servicios y territorio","CANDIDATA_POR_CONCILIAR_CON_MODULOS_EXISTENTES"
"ST_034","TURISMO","Cancelaciones por alertas de viaje","Proporción de reservas canceladas y fecha de aviso externo oficial","%/evento","Semanal objetivo","Destino-emisor","Percepción de riesgo y demanda internacional","0-3 meses","https://anda.ine.gob.bo/index.php/catalog/200","P2","TRANSMISION","Sin panel público verificado; avisos no son conteos de cancelación","CONDICIONANTE","Servicios y territorio","CANDIDATA_POR_CONCILIAR_CON_MODULOS_EXISTENTES"
"ST_035","DIGITAL","Conexiones de internet por tecnología","Accesos fijos/móviles reportados sin equiparar líneas a personas","conexiones","Semestral/anual","Bolivia-departamento según boletín","Capacidad de servicios digitales y acceso","0-12 meses","https://www.att.gob.bo/situacion-de-las-telecomunicaciones-en-bolivia","P0","EXPOSICION","Boletines PDF públicos; desagregación y periodicidad por variable","EXPOSICION","Servicios y territorio","CANDIDATA_POR_CONCILIAR_CON_MODULOS_EXISTENTES"
"ST_036","DIGITAL","Ingresos del sector telecomunicaciones","Ingresos reportados por servicio si el boletín los publica","Bs","Semestral/anual","Bolivia-servicio","Resultado económico de conectividad","0-6 meses","https://www.att.gob.bo/situacion-de-las-telecomunicaciones-en-bolivia","P1","RESULTADO","Boletín verificado; comprobar cuadro específico","RESULTADO","Servicios y territorio","CANDIDATA_POR_CONCILIAR_CON_MODULOS_EXISTENTES"
"ST_037","DIGITAL","Asequibilidad de banda ancha","Precio de cesta estandarizada en USD PPA y porcentaje de ingreso","USD/PPA/%","Anual","Bolivia-vecinos","Barrera de adopción y competitividad","6-24 meses","https://datahub.itu.int/about/","P0","EXPOSICION","Metodología y portal verificados; disponibilidad país-año por auditar","EXPOSICION","Servicios y territorio","CANDIDATA_POR_CONCILIAR_CON_MODULOS_EXISTENTES"
"ST_038","DIGITAL","Cobertura territorial y brecha digital","Hogares con internet por área y departamento con pesos actualizados","% de hogares","Anual","Urbano-rural-departamento","Exclusión y potencial de mercado digital","6-24 meses","https://www.ine.gob.bo/index.php/encuesta-de-hogares-tics/","P0","EXPOSICION","Serie oficial; nueva expansión EPP Rev. 2025 exige conservar vintage","EXPOSICION","Servicios y territorio","CANDIDATA_POR_CONCILIAR_CON_MODULOS_EXISTENTES"
"ST_039","DIGITAL","Costo de hardware importado","Valor unitario por especificación/HS para equipos telecom y computación","USD/unidad o kg","Mensual","Origen-aduana Bolivia","Capex digital y reposición de equipos","1-6 meses","https://anuario.ine.gob.bo/2024/paginas/cap05.html","P1","TRANSMISION","Comercio público; HS puede mezclar calidades y modelos","CONDICIONANTE","Servicios y territorio","CANDIDATA_POR_CONCILIAR_CON_MODULOS_EXISTENTES"
"ST_040","DIGITAL","Costo internacional de nube y software","Precio comparable por cómputo almacenamiento licencias y región","USD/unidad de servicio","Mensual/evento objetivo","Proveedores externos usados en Bolivia","Costo de operación TI y startups","0-3 meses","https://datahub.itu.int/about/","P2","EXTERNA","No cubierto por ITU precios de conectividad; requiere tarifas oficiales de proveedor","EXTERNO_CANDIDATO","Servicios y territorio","CANDIDATA_POR_CONCILIAR_CON_MODULOS_EXISTENTES"
"ST_041","DIGITAL","Interrupciones externas de conectividad","Minutos de incidente en enlace internacional o proveedor externo","minutos","Evento","Rutas internacionales y regiones de nube","Continuidad comercio pagos y trabajo remoto","0-4 semanas","https://www.att.gob.bo/situacion-de-las-telecomunicaciones-en-bolivia","P2","EXTERNA_CONDICIONAL","Sin archivo abierto verificado; recopilar avisos oficiales con alcance","EXTERNO_CONDICIONAL","Servicios y territorio","CANDIDATA_POR_CONCILIAR_CON_MODULOS_EXISTENTES"
"ST_042","DIGITAL","Incidentes cibernéticos operativos","Incidentes confirmados y horas de indisponibilidad agregadas","eventos/horas","Mensual objetivo","Sectores y regiones","Pérdida operacional y costo de prevención","0-6 meses","https://www.att.gob.bo/situacion-de-las-telecomunicaciones-en-bolivia","P2","EVENTO_LOCAL_ENDOGENO","Brecha; no inferir ausencia por falta de reporte","EVENTO_LOCAL_ENDOGENO","Servicios y territorio","CANDIDATA_POR_CONCILIAR_CON_MODULOS_EXISTENTES"
"ST_043","DIGITAL","Exportaciones de servicios digitales","Ingresos por informática telecom y servicios habilitados digitalmente","USD","Trimestral/anual objetivo","Bolivia-país socio si disponible","Demanda exterior y generación de divisas","0-4 trimestres","https://www.bcb.gob.bo/webdocs/publicacionesbcb/2023/04/35/SISTEMA%20DE%20PAGOS%202022.pdf","P2","RESULTADO","Informe de pagos no mide exportaciones; requerir balanza de pagos BCB y clasificación BPM","RESULTADO","Servicios y territorio","CANDIDATA_POR_CONCILIAR_CON_MODULOS_EXISTENTES"
"ST_044","SALUD","Incidencia externa de dengue y arbovirus","Casos por población en países vecinos con misma definición","casos/100000","Semanal","Brasil Perú Paraguay Argentina fronteras","Presión de importación y demanda sanitaria","1-12 semanas","https://opendata.paho.org/en/dengue-indicators","P0","EXTERNA_CONDICIONAL","OPS pública; subregistro y diferencias de prueba limitan comparabilidad","EXTERNO_CONDICIONAL","Servicios y territorio","CANDIDATA_POR_CONCILIAR_CON_MODULOS_EXISTENTES"
"ST_045","SALUD","Circulación externa de virus respiratorios","Positividad y muestras por virus en vecinos según vigilancia","%/muestras","Semanal","Países vecinos y rutas aéreas","Riesgo de transmisión y ausentismo","1-8 semanas","https://www.paho.org/en/health-emergencies/dashboards","P0","EXTERNA_CONDICIONAL","Tableros verificados; descargar y versionar según mecanismo permitido","EXTERNO_CONDICIONAL","Servicios y territorio","CANDIDATA_POR_CONCILIAR_CON_MODULOS_EXISTENTES"
"ST_046","SALUD","Casos locales por enfermedad","Confirmados sospechosos y hospitalizados por semana sin mezclarlos","casos","Semanal","Departamento/municipio según boletín","Demanda hospitalaria y oferta laboral","0-8 semanas","https://www.minsalud.gob.bo/component/jdownloads/category/71-boletines-epidemiologicos-semanal?Itemid=465","P0","RESULTADO","PDF semanal público; fecha de notificación distinta de inicio de síntomas","RESULTADO","Servicios y territorio","CANDIDATA_POR_CONCILIAR_CON_MODULOS_EXISTENTES"
"ST_047","SALUD","Capacidad sanitaria por territorio","Establecimientos camas y personal disponibles según inventario","unidades/10000 personas","Anual objetivo","Red sanitaria-municipio","Capacidad de absorber shock sanitario","0-24 meses","https://snis.minsalud.gob.bo/snis","P1","EXPOSICION","Registro de establecimientos verificado; camas operativas no garantizadas","EXPOSICION","Servicios y territorio","CANDIDATA_POR_CONCILIAR_CON_MODULOS_EXISTENTES"
"ST_048","SALUD","Costo importado de medicamentos","Valor unitario por HS presentación y principio activo cuando exista","USD/kg o dosis","Mensual","Bolivia-origen","Costo de tratamiento y disponibilidad","1-6 meses","https://anuario.ine.gob.bo/2024/paginas/cap05.html","P1","TRANSMISION","HS insuficiente para comparar dosis; emparejar registro sanitario","CONDICIONANTE","Servicios y territorio","CANDIDATA_POR_CONCILIAR_CON_MODULOS_EXISTENTES"
"ST_049","SALUD","Dependencia de proveedor farmacéutico","Participación por país y producto farmacéutico y HHI","%/HHI","Mensual/anual","Bolivia-origen-producto","Riesgo ante cierre de planta o frontera","1-12 meses","https://anuario.ine.gob.bo/2024/paginas/cap05.html","P0","EXPOSICION","Derivable; país de despacho puede diferir de fabricación","EXPOSICION","Servicios y territorio","CANDIDATA_POR_CONCILIAR_CON_MODULOS_EXISTENTES"
"ST_050","SALUD","Abastecimiento de insumos hospitalarios","Días de stock y procesos desiertos para fármacos y oxígeno","días/%","Mensual objetivo","Establecimiento-red","Restricción operativa y gasto de emergencia","0-3 meses","https://www.sicoes.gob.bo/contrat/procesos.php","P2","TRANSMISION","Compras observables; inventario requiere convenio y no se infiere de adjudicación","CONDICIONANTE","Servicios y territorio","CANDIDATA_POR_CONCILIAR_CON_MODULOS_EXISTENTES"
"ST_051","SALUD","Cobertura de inmunización","Dosis y cobertura por antígeno edad y territorio","dosis/%","Mensual/anual según publicación","Bolivia-departamento","Modera impacto del shock epidemiológico","3-24 meses","https://snis.minsalud.gob.bo/snis","P1","EXPOSICION","Candidato oficial; auditar numerador denominador y revisiones","EXPOSICION","Servicios y territorio","CANDIDATA_POR_CONCILIAR_CON_MODULOS_EXISTENTES"
"ST_052","EDUCACION","Población en edad escolar","Cohortes por edad área y municipio con proyección separada del censo","personas","Censal/anual proyectada","Municipio-urbano/rural","Demanda de plazas docentes y transporte","1-10 años","https://cpv2024.ine.gob.bo/","P0","EXPOSICION","Censo verificado; proyecciones y cambios territoriales requieren versión","EXPOSICION","Servicios y territorio","CANDIDATA_POR_CONCILIAR_CON_MODULOS_EXISTENTES"
"ST_053","EDUCACION","Matrícula por nivel y dependencia","Inscritos por nivel área y gestión","estudiantes","Anual","Municipio-departamento","Demanda observada de servicios educativos","0-2 años","https://seie.minedu.gob.bo/reportes/","P0","RESULTADO","Tableros y descarga de tablas; no tratar como shock externo","RESULTADO","Servicios y territorio","CANDIDATA_POR_CONCILIAR_CON_MODULOS_EXISTENTES"
"ST_054","EDUCACION","Abandono y continuidad escolar","Tasa de abandono intraanual y conservación de matrícula","%","Anual","Municipio-sexo-área","Capital humano y efecto de crisis del hogar","0-3 años","https://seie.minedu.gob.bo/reportes/","P0","RESULTADO","Indicadores oficiales; cohortes y denominadores por ficha","RESULTADO","Servicios y territorio","CANDIDATA_POR_CONCILIAR_CON_MODULOS_EXISTENTES"
"ST_055","EDUCACION","Oferta de unidades educativas","Número de establecimientos por nivel y dependencia","unidades","Anual","Municipio-distrito","Restricción de acceso y distancia","1-5 años","https://seie.minedu.gob.bo/reportes/indicadores/grupo2/b12","P0","EXPOSICION","Desagregación publicada; evitar datos personales de estudiantes","EXPOSICION","Servicios y territorio","CANDIDATA_POR_CONCILIAR_CON_MODULOS_EXISTENTES"
"ST_056","EDUCACION","Suspensión de clases por clima y salud","Días efectivos sin enseñanza presencial por causa y territorio","días","Evento objetivo","Departamento-municipio","Pérdida educativa y demanda de cuidados","0-12 meses","https://seie.minedu.gob.bo/reportes/","P1","EXTERNA_CONDICIONAL","Brecha de archivo; recopilar comunicados oficiales y separar decisiones reactivas","EXTERNO_CONDICIONAL","Servicios y territorio","CANDIDATA_POR_CONCILIAR_CON_MODULOS_EXISTENTES"
"ST_057","EDUCACION","Costo externo de material educativo","Cesta importada de papel libros dispositivos y licencias","índice/USD","Mensual","Mundo-Bolivia","Presupuesto educativo y gasto escolar","1-6 meses","https://anuario.ine.gob.bo/2024/paginas/cap05.html","P1","TRANSMISION","Comercio permite proxy; no confundir precio externo con unitario aduanero","CONDICIONANTE","Servicios y territorio","CANDIDATA_POR_CONCILIAR_CON_MODULOS_EXISTENTES"
"ST_058","PROFESIONALES","Creación de empresas de servicios profesionales","Altas y renovaciones separadas por actividad económica","empresas","Mensual","Bolivia-departamento","Demanda y oferta de servicios B2B","0-6 meses","https://www.seprec.gob.bo/index.php/datos/","P0","RESULTADO","Registro formal público; no incluye todo autoempleo","RESULTADO","Servicios y territorio","CANDIDATA_POR_CONCILIAR_CON_MODULOS_EXISTENTES"
"ST_059","PROFESIONALES","Demanda pública de consultoría e ingeniería","Monto convocado adjudicado y contratado por objeto sin duplicar","Bs/procesos","Mensual derivada","Entidad-departamento","Cartera potencial de servicios profesionales","1-12 meses","https://www.sicoes.gob.bo/contrat/procesos.php","P0","TRANSMISION","Consulta pública verificada; extracción masiva y etapas pendientes","CONDICIONANTE","Servicios y territorio","CANDIDATA_POR_CONCILIAR_CON_MODULOS_EXISTENTES"
"ST_060","PROFESIONALES","Exposición B2B a sectores clientes","Participación de ingresos profesionales por sector comprador","%","Anual objetivo","Servicios-rubro-cliente","Propagación minería agro construcción y Estado","1-8 trimestres","https://www.seprec.gob.bo/index.php/datos/","P2","EXPOSICION","Brecha; SEPREC solo clasifica proveedor; requiere encuesta o matriz insumo-producto","EXPOSICION","Servicios y territorio","CANDIDATA_POR_CONCILIAR_CON_MODULOS_EXISTENTES"
"ST_061","CREATIVA","Oferta formal creativa y recreativa","Empresas registradas de arte entretenimiento deporte y recreación","empresas","Mensual","Departamento-actividad","Capacidad del sector y formalización","0-12 meses","https://www.seprec.gob.bo/index.php/datos/","P0","EXPOSICION","Actividad agregada disponible; no representa artistas informales","EXPOSICION","Servicios y territorio","CANDIDATA_POR_CONCILIAR_CON_MODULOS_EXISTENTES"
"ST_062","CREATIVA","Calendario de eventos de convocatoria","Fechas capacidad y cancelación de ferias festivales y deportes","eventos/aforo","Evento objetivo","Ciudades-destinos","Demanda puntual de hospedaje gastronomía y transporte","0-6 meses","https://www.ine.gob.bo/index.php/estadisticas-economicas/turismo/estadisticas-hoteleras-cuadros-estadisticos/","P2","EVENTO_LOCAL_ENDOGENO","Sin padrón nacional verificado; recopilar organizadores oficiales","EVENTO_LOCAL_ENDOGENO","Servicios y territorio","CANDIDATA_POR_CONCILIAR_CON_MODULOS_EXISTENTES"
"ST_063","CREATIVA","Costo importado de equipo cultural y deportivo","Valor unitario HS de instrumentos audio cámaras y equipamiento","USD/unidad o kg","Mensual","Bolivia-origen","Costo de producción cultural y deporte","1-6 meses","https://anuario.ine.gob.bo/2024/paginas/cap05.html","P1","TRANSMISION","Datos de comercio; mezcla de calidad exige cesta homogénea","CONDICIONANTE","Servicios y territorio","CANDIDATA_POR_CONCILIAR_CON_MODULOS_EXISTENTES"
"ST_064","CREATIVA","Ingresos externos por derechos y plataformas","Cobros de licencias regalías y monetización por país/plataforma","USD","Trimestral objetivo","Bolivia-exterior","Exportación creativa y riesgo de plataforma","0-6 meses","https://www.bcb.gob.bo/webdocs/publicacionesbcb/2023/04/35/SISTEMA%20DE%20PAGOS%202022.pdf","P2","RESULTADO","Brecha; pagos agregados no identifican este ingreso; requiere BCB o convenios","RESULTADO","Servicios y territorio","CANDIDATA_POR_CONCILIAR_CON_MODULOS_EXISTENTES"
"ST_065","ADMIN_PUBLICA","Cartera de convocatorias públicas","Monto y número por entidad objeto modalidad y fecha","Bs/procesos","Diaria/mensual derivada","Entidad-departamento","Demanda futura de proveedores","1-12 meses","https://www.sicoes.gob.bo/contrat/procesos.php","P0","POLITICA_LOCAL","Portal de consulta; validar permisos y evitar duplicados/republicaciones","POLITICA_LOCAL","Servicios y territorio","CANDIDATA_POR_CONCILIAR_CON_MODULOS_EXISTENTES"
"ST_066","ADMIN_PUBLICA","Adjudicación y contratación por rubro","Monto por etapa y sector beneficiario no sumable entre etapas","Bs","Mensual derivada","Entidad-sector","Materialización de demanda pública","0-12 meses","https://www.sicoes.gob.bo/contrat/procesos.php","P0","RESULTADO","Consultar documentos; adjudicación no equivale a pago ni ejecución","RESULTADO","Servicios y territorio","CANDIDATA_POR_CONCILIAR_CON_MODULOS_EXISTENTES"
"ST_067","ADMIN_PUBLICA","Tasa de procesos desiertos y cancelados","Procesos con estado definitivo sobre procesos comparables","%","Mensual derivada","Entidad-objeto-modalidad","Problema de precios oferta o diseño contractual","1-6 meses","https://www.sicoes.gob.bo/contrat/procesos.php","P0","TRANSMISION","Estados pueden cambiar; conservar historiales y cohorte de apertura","CONDICIONANTE","Servicios y territorio","CANDIDATA_POR_CONCILIAR_CON_MODULOS_EXISTENTES"
"ST_068","ADMIN_PUBLICA","Duración de contratación pública","Días desde convocatoria hasta adjudicación/contrato","días","Mensual derivada","Entidad-modalidad-rubro","Previsibilidad comercial y carga administrativa","1-6 meses","https://www.sicoes.gob.bo/contrat/procesos.php","P1","TRANSMISION","Fechas documentales; tratar censura de procesos aún abiertos","CONDICIONANTE","Servicios y territorio","CANDIDATA_POR_CONCILIAR_CON_MODULOS_EXISTENTES"
"ST_069","ADMIN_PUBLICA","Concentración de contratistas","HHI de monto adjudicado por proveedor dentro de entidad y rubro","HHI","Trimestral/anual","Entidad-rubro","Dependencia y resiliencia de suministro","3-12 meses","https://www.sicoes.gob.bo/contrat/procesos.php","P1","EXPOSICION","Identificador proveedor y homónimos deben verificarse","EXPOSICION","Servicios y territorio","CANDIDATA_POR_CONCILIAR_CON_MODULOS_EXISTENTES"
"ST_070","ADMIN_PUBLICA","Mora de pago a proveedores","Días desde obligación exigible a desembolso efectivo","días/Bs","Mensual objetivo","Entidad-rubro","Liquidez de pymes y transmisión fiscal","0-6 meses","https://www.sicoes.gob.bo/contrat/procesos.php","P2","TRANSMISION","SICOES no demuestra pagos efectivos; requiere datos de ejecución y tesorería","CONDICIONANTE","Servicios y territorio","CANDIDATA_POR_CONCILIAR_CON_MODULOS_EXISTENTES"
"ST_071","ADMIN_PUBLICA","Cambio normativo de compras y operación","Fecha anuncio vigencia alcance y sector afectado de norma oficial","evento","Evento","Nacional-subnacional","Costo cumplimiento y acceso al mercado público","0-12 meses","https://www.sicoes.gob.bo/contrat/procesos.php","P1","POLITICA_LOCAL","Vincular norma oficial; no asumir exogeneidad de decisiones anticrisis","POLITICA_LOCAL","Servicios y territorio","CANDIDATA_POR_CONCILIAR_CON_MODULOS_EXISTENTES"
"ST_072","HOGARES","Dependencia infantil y de adultos mayores","Razón de población dependiente por edades definidas frente a edad activa","%","Censal/proyección anual","Municipio-área","Demanda de cuidados y oferta de trabajo","1-10 años","https://cpv2024.ine.gob.bo/","P0","EXPOSICION","Censo público; rangos de edad deben ser explícitos","EXPOSICION","Servicios y territorio","CANDIDATA_POR_CONCILIAR_CON_MODULOS_EXISTENTES"
"ST_073","HOGARES","Hogares unipersonales y tamaño familiar","Participación por tipo y promedio de miembros","%/personas por hogar","Censal","Municipio-área","Cesta de consumo vivienda y servicios","1-10 años","https://cpv2024.ine.gob.bo/","P0","EXPOSICION","Verificar tabla y mantener hogares separados de viviendas","EXPOSICION","Servicios y territorio","CANDIDATA_POR_CONCILIAR_CON_MODULOS_EXISTENTES"
"ST_074","HOGARES","Carga de cuidados no remunerados","Horas de cuidados por sexo edad e inserción laboral","horas/semana","Encuesta eventual","Cobertura de encuesta","Restricción de oferta laboral y desigualdad","0-24 meses","https://anda.ine.gob.bo/index.php/catalog/60/related-materials","P2","TRANSMISION","Piloto 2019 verificado; no usar como serie nacional representativa","CONDICIONANTE","Servicios y territorio","CANDIDATA_POR_CONCILIAR_CON_MODULOS_EXISTENTES"
"ST_075","HOGARES","Acceso a conectividad para servicios del hogar","Hogares con acceso TIC por área departamento e ingreso si disponible","%","Anual","Departamento-urbano/rural","Acceso comercio educación salud y trámites","0-24 meses","https://www.ine.gob.bo/index.php/encuesta-de-hogares-tics/","P0","EXPOSICION","Tablas públicas; estrato de ingreso requiere microdatos compatibles","EXPOSICION","Servicios y territorio","CANDIDATA_POR_CONCILIAR_CON_MODULOS_EXISTENTES"
"ST_076","HOGARES","Vulnerabilidad habitacional y hacinamiento","Personas por dormitorio y acceso a servicios con definiciones censales","%/personas por dormitorio","Censal","Municipio-área","Sensibilidad a shocks sanitarios y climáticos","0-10 años","https://cpv2024.ine.gob.bo/","P0","EXPOSICION","Censo verificado; límites geográficos referenciales","EXPOSICION","Servicios y territorio","CANDIDATA_POR_CONCILIAR_CON_MODULOS_EXISTENTES"
"ST_077","HOGARES","Oferta de cuidado formal","Plazas de guardería y atención a mayores por población objetivo","plazas/1000","Anual objetivo","Municipio","Capacidad de liberar tiempo laboral","1-5 años","https://cpv2024.ine.gob.bo/","P2","EXPOSICION","Brecha; censo da denominador; plazas requieren municipios y prestadores","EXPOSICION","Servicios y territorio","CANDIDATA_POR_CONCILIAR_CON_MODULOS_EXISTENTES"
"ST_078","HOGARES","Costo de cesta de servicios domésticos","Índice de lavandería reparación cuidado y ayuda doméstica según cesta local","índice/Bs","Mensual objetivo","Ciudad-tipo hogar","Presión de gasto y sustitución de tiempo","0-6 meses","https://anda.ine.gob.bo/index.php/catalog/60/related-materials","P2","RESULTADO","Sin serie homologada verificada; encuesta de tiempo no mide precios","RESULTADO","Servicios y territorio","CANDIDATA_POR_CONCILIAR_CON_MODULOS_EXISTENTES"
"ST_079","AGUA_RESIDUOS","Continuidad del abastecimiento de agua","Horas promedio de servicio por día por EPSA y gestión","horas/día","Anual","EPSA-ciudad","Disponibilidad para hogares salud y gastronomía","0-12 meses","https://www.aaps.gob.bo/wordpress/index.php/indicadores-de-desempeno/","P0","TRANSMISION","Informes AAPS públicos; indicador exacto y cobertura por validar","CONDICIONANTE","Servicios y territorio","CANDIDATA_POR_CONCILIAR_CON_MODULOS_EXISTENTES"
"ST_080","AGUA_RESIDUOS","Agua no contabilizada","Volumen no facturado según definición regulatoria sobre producido","%","Anual","EPSA","Vulnerabilidad física y financiera del servicio","1-5 años","https://www.aaps.gob.bo/wordpress/index.php/indicadores-de-desempeno/","P0","EXPOSICION","No equiparar automáticamente a fugas físicas","EXPOSICION","Servicios y territorio","CANDIDATA_POR_CONCILIAR_CON_MODULOS_EXISTENTES"
"ST_081","AGUA_RESIDUOS","Cobertura de agua y alcantarillado","Población atendida sobre población del área de servicio","%","Anual","EPSA-área de prestación","Acceso servicios y capacidad urbana","1-5 años","https://www.aaps.gob.bo/wordpress/index.php/indicadores-de-desempeno/","P0","EXPOSICION","Área EPSA no equivale a municipio completo","EXPOSICION","Servicios y territorio","CANDIDATA_POR_CONCILIAR_CON_MODULOS_EXISTENTES"
"ST_082","AGUA_RESIDUOS","Eficiencia de cobro y morosidad EPSA","Cobranza facturación y deuda según ficha regulatoria","%/Bs","Anual","EPSA","Capacidad de operar y reponer infraestructura","0-24 meses","https://www.aaps.gob.bo/wordpress/index.php/indicadores-de-desempeno/","P1","RESULTADO","Informes; confirmar ratios para no mezclar saldos y flujos","RESULTADO","Servicios y territorio","CANDIDATA_POR_CONCILIAR_CON_MODULOS_EXISTENTES"
"ST_083","AGUA_RESIDUOS","Operación de tratamiento de aguas residuales","Caudal tratado y cumplimiento por planta según parámetros disponibles","m3/día/%","Anual","PTAR-cuenca","Riesgo sanitario y calidad ambiental","0-36 meses","https://www.aaps.gob.bo/wordpress/index.php/indicadores-de-desempeno/","P1","TRANSMISION","Informes PTAR publicados; periodicidad distinta del informe EPSA","CONDICIONANTE","Servicios y territorio","CANDIDATA_POR_CONCILIAR_CON_MODULOS_EXISTENTES"
"ST_084","AGUA_RESIDUOS","Residuos recolectados por procedencia","Toneladas por ciudad y origen domiciliario hospitalario u otro publicado","t","Mensual","Ciudades cubiertas","Actividad urbana y carga de recolección","0-3 meses","https://www.ine.gob.bo/index.php/medio-ambiente/residuos-solidos-cuadros-estadisticos/","P0","RESULTADO","Cuadros 2005-2026; recolección no equivale a generación","RESULTADO","Servicios y territorio","CANDIDATA_POR_CONCILIAR_CON_MODULOS_EXISTENTES"
"ST_085","AGUA_RESIDUOS","Interrupción de disposición de residuos","Horas de cierre de relleno y toneladas acumuladas con causa","horas/t","Evento objetivo","Ciudad-relleno","Continuidad urbana salud y comercio","0-8 semanas","https://www.ine.gob.bo/index.php/medio-ambiente/residuos-solidos-cuadros-estadisticos/","P2","EVENTO_LOCAL_ENDOGENO","Brecha; datos mensuales no identifican incidentes; requiere municipios","EVENTO_LOCAL_ENDOGENO","Servicios y territorio","CANDIDATA_POR_CONCILIAR_CON_MODULOS_EXISTENTES"
"ST_086","TERRITORIO","Población por edad y municipio","Población censada con referencia territorial y fecha","personas","Censal","Municipio/TIOC-área","Tamaño de mercado y denominadores","1-10 años","https://cpv2024.ine.gob.bo/","P0","EXPOSICION","Resultados verificados; no confundir censo con proyección anual","EXPOSICION","Servicios y territorio","CANDIDATA_POR_CONCILIAR_CON_MODULOS_EXISTENTES"
"ST_087","TERRITORIO","Saldo migratorio interno reciente","Entradas menos salidas de mayores de 5 años entre áreas en ventana censal","personas/tasa","Censal quinquenal retrospectiva","Municipio-departamento","Redistribución demanda trabajo y vivienda","1-10 años","https://www.ine.gob.bo/index.php/estadisticas-sociales/migracion-interna/","P0","RESULTADO","Tabla 2019-2024 verificada; no es flujo anual","RESULTADO","Servicios y territorio","CANDIDATA_POR_CONCILIAR_CON_MODULOS_EXISTENTES"
"ST_088","TERRITORIO","Migración interna por edad","Tasas recientes para jóvenes escolares adultos y mayores","%","Censal","Municipio-grupo edad","Demanda diferenciada de educación empleo y salud","1-10 años","https://www.ine.gob.bo/index.php/estadisticas-sociales/migracion-interna/","P0","EXPOSICION","Tablas etarias verificadas; inferencia causal requiere shock de origen","EXPOSICION","Servicios y territorio","CANDIDATA_POR_CONCILIAR_CON_MODULOS_EXISTENTES"
"ST_089","TERRITORIO","Urbanización y densidad de mercado","Población urbana y densidad territorial con área homogénea","%/personas por km2","Censal","Municipio-aglomeración","Economías de escala y costo de distribución","1-10 años","https://cpv2024.ine.gob.bo/","P0","EXPOSICION","Definición urbano y geometría deben versionarse","EXPOSICION","Servicios y territorio","CANDIDATA_POR_CONCILIAR_CON_MODULOS_EXISTENTES"
"ST_090","TERRITORIO","Inmigración internacional residente","Población nacida fuera por origen y residencia actual","personas/%","Censal","Municipio-país de nacimiento","Oferta laboral diversidad de consumo y vínculos externos","1-10 años","https://cpv2024.ine.gob.bo/","P1","EXPOSICION","Censo; no usar cruces migratorios como stock residente","EXPOSICION","Servicios y territorio","CANDIDATA_POR_CONCILIAR_CON_MODULOS_EXISTENTES"
"ST_091","TERRITORIO","Exposición territorial a eventos naturales","Población infraestructura y empresas ubicadas en zona afectada","personas/unidades/%","Evento/anual","Municipio-cuenca-corredor","Intensidad local de shock climático externo","0-24 meses","https://www.ine.gob.bo/index.php/medio-ambiente/","P1","EXPOSICION","Catálogo de eventos verificado; huellas geográficas y pérdidas por auditar","EXPOSICION","Servicios y territorio","CANDIDATA_POR_CONCILIAR_CON_MODULOS_EXISTENTES"
"ST_092","TERRITORIO","Accesibilidad a mercado y servicios esenciales","Tiempo por red a hospital escuela centro urbano y frontera","minutos","Anual/evento derivado","Localidad-municipio","Aislamiento y costo logístico-social","0-10 años","https://cpv2024.ine.gob.bo/","P2","EXPOSICION","Brecha de red y ubicaciones completas; no sustituir por distancia recta","EXPOSICION","Servicios y territorio","CANDIDATA_POR_CONCILIAR_CON_MODULOS_EXISTENTES"
"ST_093","TERRITORIO","Exposición de frontera a shocks de vecino","Peso rezagado de comercio viajeros y migración por país fronterizo","%/índice","Anual actualizada","Fronteras Brasil Argentina Chile Perú Paraguay","Propagación externa desigual por territorio","0-12 meses","https://anuario.ine.gob.bo/2024/paginas/cap05.html","P1","EXPOSICION","Índice propuesto con varias fuentes; publicar pesos y cobertura","EXPOSICION","Servicios y territorio","CANDIDATA_POR_CONCILIAR_CON_MODULOS_EXISTENTES"
"ST_094","TERRITORIO","Presión sanitaria regional ponderada por movilidad","Incidencia externa por país multiplicada por movilidad histórica fija","índice de exposición","Semanal/mensual derivada","Frontera-aeropuerto-municipio","Alerta económica de ausentismo y demanda sanitaria","1-12 semanas","https://www.paho.org/en/health-emergencies/dashboards","P1","EXTERNA_CONDICIONAL","Derivado propuesto; no predicción clínica ni causalidad automática","EXTERNO_CONDICIONAL","Servicios y territorio","CANDIDATA_POR_CONCILIAR_CON_MODULOS_EXISTENTES"
"ST_095","TERRITORIO","Ruptura social de acceso a servicios","Días con interrupción verificada de salud escuela mercado o transporte","días/servicio","Evento objetivo","Municipio-corredor","Fragilidad territorial y pérdida de actividad","0-6 meses","https://transitabilidad.abc.gob.bo/captcha-form","P2","EVENTO_LOCAL_ENDOGENO","Sin registro unificado; deduplicar eventos y verificar por servicio","EVENTO_LOCAL_ENDOGENO","Servicios y territorio","CANDIDATA_POR_CONCILIAR_CON_MODULOS_EXISTENTES"
