task_id,person_id,platform,account_id,status,existing_leads_count,source_url,reviewed_at
P_ALBERTO_VALDES_ANDREATTA:facebook,P_ALBERTO_VALDES_ANDREATTA,facebook,,PENDING,0,,
P_ALBERTO_VALDES_ANDREATTA:instagram,P_ALBERTO_VALDES_ANDREATTA,instagram,,PENDING,0,,
P_ALBERTO_VALDES_ANDREATTA:tiktok,P_ALBERTO_VALDES_ANDREATTA,tiktok,,PENDING,0,,
P_ALBERTO_VALDES_ANDREATTA:youtube,P_ALBERTO_VALDES_ANDREATTA,youtube,,PENDING,0,,
P_ALBERTO_VALDES_ANDREATTA:x,P_ALBERTO_VALDES_ANDREATTA,x,,PENDING,0,,
P_ALBERTO_VALDES_ANDREATTA:linkedin,P_ALBERTO_VALDES_ANDREATTA,linkedin,,PENDING,0,,
P_ALFONSO_KREIDLER:facebook,P_ALFONSO_KREIDLER,facebook,,PENDING,0,,
P_ALFONSO_KREIDLER:instagram,P_ALFONSO_KREIDLER,instagram,,PENDING,0,,
P_ALFONSO_KREIDLER:tiktok,P_ALFONSO_KREIDLER,tiktok,,PENDING,0,,
P_ALFONSO_KREIDLER:youtube,P_ALFONSO_KREIDLER,youtube,,PENDING,0,,
P_ALFONSO_KREIDLER:x,P_ALFONSO_KREIDLER,x,,PENDING,0,,
P_ALFONSO_KREIDLER:linkedin,P_ALFONSO_KREIDLER,linkedin,,PENDING,0,,
P_ANDRES_MORENO:facebook,P_ANDRES_MORENO,facebook,,PENDING,0,,
P_ANDRES_MORENO:instagram,P_ANDRES_MORENO,instagram,,PENDING,0,,
P_ANDRES_MORENO:tiktok,P_ANDRES_MORENO,tiktok,,PENDING,0,,
P_ANDRES_MORENO:youtube,P_ANDRES_MORENO,youtube,,PENDING,0,,
P_ANDRES_MORENO:x,P_ANDRES_MORENO,x,,PENDING,0,,
P_ANDRES_MORENO:linkedin,P_ANDRES_MORENO,linkedin,,PENDING,0,,
P_ANTONIO_VALDA:facebook,P_ANTONIO_VALDA,facebook,,PENDING,0,,
P_ANTONIO_VALDA:instagram,P_ANTONIO_VALDA,instagram,,PENDING,0,,
P_ANTONIO_VALDA:tiktok,P_ANTONIO_VALDA,tiktok,,PENDING,0,,
P_ANTONIO_VALDA:youtube,P_ANTONIO_VALDA,youtube,,PENDING,0,,
P_ANTONIO_VALDA:x,P_ANTONIO_VALDA,x,,PENDING,0,,
P_ANTONIO_VALDA:linkedin,P_ANTONIO_VALDA,linkedin,,PENDING,0,,
P_BEATRIZ_TELCHI:facebook,P_BEATRIZ_TELCHI,facebook,,PENDING,0,,
P_BEATRIZ_TELCHI:instagram,P_BEATRIZ_TELCHI,instagram,,PENDING,0,,
P_BEATRIZ_TELCHI:tiktok,P_BEATRIZ_TELCHI,tiktok,,PENDING,0,,
P_BEATRIZ_TELCHI:youtube,P_BEATRIZ_TELCHI,youtube,,PENDING,0,,
P_BEATRIZ_TELCHI:x,P_BEATRIZ_TELCHI,x,,PENDING,0,,
P_BEATRIZ_TELCHI:linkedin,P_BEATRIZ_TELCHI,linkedin,,PENDING,0,,
P_CARLOS_CABALLERO:facebook,P_CARLOS_CABALLERO,facebook,,PENDING,0,,
P_CARLOS_CABALLERO:instagram,P_CARLOS_CABALLERO,instagram,,PENDING,0,,
P_CARLOS_CABALLERO:tiktok,P_CARLOS_CABALLERO,tiktok,,PENDING,0,,
P_CARLOS_CABALLERO:youtube,P_CARLOS_CABALLERO,youtube,,PENDING,1,,
P_CARLOS_CABALLERO:x,P_CARLOS_CABALLERO,x,,PENDING,0,,
P_CARLOS_CABALLERO:linkedin,P_CARLOS_CABALLERO,linkedin,,PENDING,0,,
P_CARLOS_KEMPFF:facebook,P_CARLOS_KEMPFF,facebook,,PENDING,0,,
P_CARLOS_KEMPFF:instagram,P_CARLOS_KEMPFF,instagram,,PENDING,0,,
P_CARLOS_KEMPFF:tiktok,P_CARLOS_KEMPFF,tiktok,,PENDING,0,,
P_CARLOS_KEMPFF:youtube,P_CARLOS_KEMPFF,youtube,,PENDING,0,,
P_CARLOS_KEMPFF:x,P_CARLOS_KEMPFF,x,,PENDING,0,,
P_CARLOS_KEMPFF:linkedin,P_CARLOS_KEMPFF,linkedin,,PENDING,0,,
P_CARLOS_LIMPIAS:facebook,P_CARLOS_LIMPIAS,facebook,,PENDING,0,,
P_CARLOS_LIMPIAS:instagram,P_CARLOS_LIMPIAS,instagram,,PENDING,0,,
P_CARLOS_LIMPIAS:tiktok,P_CARLOS_LIMPIAS,tiktok,,PENDING,0,,
P_CARLOS_LIMPIAS:youtube,P_CARLOS_LIMPIAS,youtube,,PENDING,0,,
P_CARLOS_LIMPIAS:x,P_CARLOS_LIMPIAS,x,,PENDING,0,,
P_CARLOS_LIMPIAS:linkedin,P_CARLOS_LIMPIAS,linkedin,,PENDING,0,,
P_CARLOS_PAZ:facebook,P_CARLOS_PAZ,facebook,,PENDING,0,,
P_CARLOS_PAZ:instagram,P_CARLOS_PAZ,instagram,,PENDING,0,,
P_CARLOS_PAZ:tiktok,P_CARLOS_PAZ,tiktok,,PENDING,0,,
P_CARLOS_PAZ:youtube,P_CARLOS_PAZ,youtube,,PENDING,0,,
P_CARLOS_PAZ:x,P_CARLOS_PAZ,x,,PENDING,0,,
P_CARLOS_PAZ:linkedin,P_CARLOS_PAZ,linkedin,,PENDING,0,,
P_CARLOS_RUPAY:facebook,P_CARLOS_RUPAY,facebook,,PENDING,0,,
P_CARLOS_RUPAY:instagram,P_CARLOS_RUPAY,instagram,,PENDING,0,,
P_CARLOS_RUPAY:tiktok,P_CARLOS_RUPAY,tiktok,,PENDING,0,,
P_CARLOS_RUPAY:youtube,P_CARLOS_RUPAY,youtube,,PENDING,0,,
P_CARLOS_RUPAY:x,P_CARLOS_RUPAY,x,,PENDING,0,,
P_CARLOS_RUPAY:linkedin,P_CARLOS_RUPAY,linkedin,,PENDING,0,,
P_CARMELO_PAZ_DURAN:facebook,P_CARMELO_PAZ_DURAN,facebook,,PENDING,0,,
P_CARMELO_PAZ_DURAN:instagram,P_CARMELO_PAZ_DURAN,instagram,,PENDING,0,,
P_CARMELO_PAZ_DURAN:tiktok,P_CARMELO_PAZ_DURAN,tiktok,,PENDING,0,,
P_CARMELO_PAZ_DURAN:youtube,P_CARMELO_PAZ_DURAN,youtube,,PENDING,0,,
P_CARMELO_PAZ_DURAN:x,P_CARMELO_PAZ_DURAN,x,,PENDING,0,,
P_CARMELO_PAZ_DURAN:linkedin,P_CARMELO_PAZ_DURAN,linkedin,,PENDING,0,,
P_CECILIA_HURTADO:facebook,P_CECILIA_HURTADO,facebook,,PENDING,0,,
P_CECILIA_HURTADO:instagram,P_CECILIA_HURTADO,instagram,,PENDING,0,,
P_CECILIA_HURTADO:tiktok,P_CECILIA_HURTADO,tiktok,,PENDING,0,,
P_CECILIA_HURTADO:youtube,P_CECILIA_HURTADO,youtube,,PENDING,1,,
P_CECILIA_HURTADO:x,P_CECILIA_HURTADO,x,,PENDING,0,,
P_CECILIA_HURTADO:linkedin,P_CECILIA_HURTADO,linkedin,,PENDING,0,,
P_CECILIA_ZELAYA:facebook,P_CECILIA_ZELAYA,facebook,,PENDING,0,,
P_CECILIA_ZELAYA:instagram,P_CECILIA_ZELAYA,instagram,,PENDING,0,,
P_CECILIA_ZELAYA:tiktok,P_CECILIA_ZELAYA,tiktok,,PENDING,0,,
P_CECILIA_ZELAYA:youtube,P_CECILIA_ZELAYA,youtube,,PENDING,0,,
P_CECILIA_ZELAYA:x,P_CECILIA_ZELAYA,x,,PENDING,0,,
P_CECILIA_ZELAYA:linkedin,P_CECILIA_ZELAYA,linkedin,,PENDING,0,,
P_CHRISTIAN_HAUSHERR:facebook,P_CHRISTIAN_HAUSHERR,facebook,,PENDING,0,,
P_CHRISTIAN_HAUSHERR:instagram,P_CHRISTIAN_HAUSHERR,instagram,,PENDING,0,,
P_CHRISTIAN_HAUSHERR:tiktok,P_CHRISTIAN_HAUSHERR,tiktok,,PENDING,0,,
P_CHRISTIAN_HAUSHERR:youtube,P_CHRISTIAN_HAUSHERR,youtube,,PENDING,0,,
P_CHRISTIAN_HAUSHERR:x,P_CHRISTIAN_HAUSHERR,x,,PENDING,0,,
P_CHRISTIAN_HAUSHERR:linkedin,P_CHRISTIAN_HAUSHERR,linkedin,,PENDING,0,,
P_CHRISTOPH_POSTEY:facebook,P_CHRISTOPH_POSTEY,facebook,,PENDING,0,,
P_CHRISTOPH_POSTEY:instagram,P_CHRISTOPH_POSTEY,instagram,,PENDING,0,,
P_CHRISTOPH_POSTEY:tiktok,P_CHRISTOPH_POSTEY,tiktok,,PENDING,0,,
P_CHRISTOPH_POSTEY:youtube,P_CHRISTOPH_POSTEY,youtube,,PENDING,0,,
P_CHRISTOPH_POSTEY:x,P_CHRISTOPH_POSTEY,x,,PENDING,0,,
P_CHRISTOPH_POSTEY:linkedin,P_CHRISTOPH_POSTEY,linkedin,,PENDING,0,,
P_CONRAD_VON_BERGEN:facebook,P_CONRAD_VON_BERGEN,facebook,,PENDING,0,,
P_CONRAD_VON_BERGEN:instagram,P_CONRAD_VON_BERGEN,instagram,,PENDING,0,,
P_CONRAD_VON_BERGEN:tiktok,P_CONRAD_VON_BERGEN,tiktok,,PENDING,0,,
P_CONRAD_VON_BERGEN:youtube,P_CONRAD_VON_BERGEN,youtube,,PENDING,0,,
P_CONRAD_VON_BERGEN:x,P_CONRAD_VON_BERGEN,x,,PENDING,0,,
P_CONRAD_VON_BERGEN:linkedin,P_CONRAD_VON_BERGEN,linkedin,,PENDING,0,,
P_CRISTIAN_DAHER:facebook,P_CRISTIAN_DAHER,facebook,,PENDING,0,,
P_CRISTIAN_DAHER:instagram,P_CRISTIAN_DAHER,instagram,,PENDING,0,,
P_CRISTIAN_DAHER:tiktok,P_CRISTIAN_DAHER,tiktok,,PENDING,0,,
P_CRISTIAN_DAHER:youtube,P_CRISTIAN_DAHER,youtube,,PENDING,0,,
P_CRISTIAN_DAHER:x,P_CRISTIAN_DAHER,x,,PENDING,0,,
P_CRISTIAN_DAHER:linkedin,P_CRISTIAN_DAHER,linkedin,,PENDING,0,,
P_CRISTINA_ROCA:facebook,P_CRISTINA_ROCA,facebook,,PENDING,0,,
P_CRISTINA_ROCA:instagram,P_CRISTINA_ROCA,instagram,,PENDING,0,,
P_CRISTINA_ROCA:tiktok,P_CRISTINA_ROCA,tiktok,,PENDING,0,,
P_CRISTINA_ROCA:youtube,P_CRISTINA_ROCA,youtube,,PENDING,1,,
P_CRISTINA_ROCA:x,P_CRISTINA_ROCA,x,,PENDING,0,,
P_CRISTINA_ROCA:linkedin,P_CRISTINA_ROCA,linkedin,,PENDING,0,,
P_CRISTOBAL_RODA:facebook,P_CRISTOBAL_RODA,facebook,,PENDING,0,,
P_CRISTOBAL_RODA:instagram,P_CRISTOBAL_RODA,instagram,,PENDING,0,,
P_CRISTOBAL_RODA:tiktok,P_CRISTOBAL_RODA,tiktok,,PENDING,0,,
P_CRISTOBAL_RODA:youtube,P_CRISTOBAL_RODA,youtube,,PENDING,0,,
P_CRISTOBAL_RODA:x,P_CRISTOBAL_RODA,x,,PENDING,0,,
P_CRISTOBAL_RODA:linkedin,P_CRISTOBAL_RODA,linkedin,,PENDING,0,,
P_DANIEL_AGUILAR:facebook,P_DANIEL_AGUILAR,facebook,,PENDING,0,,
P_DANIEL_AGUILAR:instagram,P_DANIEL_AGUILAR,instagram,,PENDING,0,,
P_DANIEL_AGUILAR:tiktok,P_DANIEL_AGUILAR,tiktok,,PENDING,0,,
P_DANIEL_AGUILAR:youtube,P_DANIEL_AGUILAR,youtube,,PENDING,1,,
P_DANIEL_AGUILAR:x,P_DANIEL_AGUILAR,x,,PENDING,0,,
P_DANIEL_AGUILAR:linkedin,P_DANIEL_AGUILAR,linkedin,,PENDING,0,,
P_DANIEL_SOLOGUREN:facebook,P_DANIEL_SOLOGUREN,facebook,,PENDING,0,,
P_DANIEL_SOLOGUREN:instagram,P_DANIEL_SOLOGUREN,instagram,,PENDING,0,,
P_DANIEL_SOLOGUREN:tiktok,P_DANIEL_SOLOGUREN,tiktok,,PENDING,0,,
P_DANIEL_SOLOGUREN:youtube,P_DANIEL_SOLOGUREN,youtube,,PENDING,0,,
P_DANIEL_SOLOGUREN:x,P_DANIEL_SOLOGUREN,x,,PENDING,0,,
P_DANIEL_SOLOGUREN:linkedin,P_DANIEL_SOLOGUREN,linkedin,,PENDING,0,,
P_DARKO_ZUAZO:facebook,P_DARKO_ZUAZO,facebook,,PENDING,0,,
P_DARKO_ZUAZO:instagram,P_DARKO_ZUAZO,instagram,,PENDING,0,,
P_DARKO_ZUAZO:tiktok,P_DARKO_ZUAZO,tiktok,,PENDING,0,,
P_DARKO_ZUAZO:youtube,P_DARKO_ZUAZO,youtube,,PENDING,0,,
P_DARKO_ZUAZO:x,P_DARKO_ZUAZO,x,,PENDING,0,,
P_DARKO_ZUAZO:linkedin,P_DARKO_ZUAZO,linkedin,,PENDING,0,,
P_DENISE_HURTADO:facebook,P_DENISE_HURTADO,facebook,,PENDING,0,,
P_DENISE_HURTADO:instagram,P_DENISE_HURTADO,instagram,,PENDING,0,,
P_DENISE_HURTADO:tiktok,P_DENISE_HURTADO,tiktok,,PENDING,0,,
P_DENISE_HURTADO:youtube,P_DENISE_HURTADO,youtube,,PENDING,0,,
P_DENISE_HURTADO:x,P_DENISE_HURTADO,x,,PENDING,0,,
P_DENISE_HURTADO:linkedin,P_DENISE_HURTADO,linkedin,,PENDING,0,,
P_DIANA_HURTADO:facebook,P_DIANA_HURTADO,facebook,,PENDING,0,,
P_DIANA_HURTADO:instagram,P_DIANA_HURTADO,instagram,,PENDING,0,,
P_DIANA_HURTADO:tiktok,P_DIANA_HURTADO,tiktok,,PENDING,0,,
P_DIANA_HURTADO:youtube,P_DIANA_HURTADO,youtube,,PENDING,1,,
P_DIANA_HURTADO:x,P_DIANA_HURTADO,x,,PENDING,0,,
P_DIANA_HURTADO:linkedin,P_DIANA_HURTADO,linkedin,,PENDING,0,,
P_DIEGO_MORENO:facebook,P_DIEGO_MORENO,facebook,,PENDING,0,,
P_DIEGO_MORENO:instagram,P_DIEGO_MORENO,instagram,,PENDING,0,,
P_DIEGO_MORENO:tiktok,P_DIEGO_MORENO,tiktok,,PENDING,0,,
P_DIEGO_MORENO:youtube,P_DIEGO_MORENO,youtube,,PENDING,1,,
P_DIEGO_MORENO:x,P_DIEGO_MORENO,x,,PENDING,0,,
P_DIEGO_MORENO:linkedin,P_DIEGO_MORENO,linkedin,,PENDING,0,,
P_DIEGO_SULZER:facebook,P_DIEGO_SULZER,facebook,,PENDING,0,,
P_DIEGO_SULZER:instagram,P_DIEGO_SULZER,instagram,,PENDING,0,,
P_DIEGO_SULZER:tiktok,P_DIEGO_SULZER,tiktok,,PENDING,0,,
P_DIEGO_SULZER:youtube,P_DIEGO_SULZER,youtube,,PENDING,0,,
P_DIEGO_SULZER:x,P_DIEGO_SULZER,x,,PENDING,0,,
P_DIEGO_SULZER:linkedin,P_DIEGO_SULZER,linkedin,,PENDING,0,,
P_EDUARDO_ROCHA:facebook,P_EDUARDO_ROCHA,facebook,,PENDING,0,,
P_EDUARDO_ROCHA:instagram,P_EDUARDO_ROCHA,instagram,,PENDING,0,,
P_EDUARDO_ROCHA:tiktok,P_EDUARDO_ROCHA,tiktok,,PENDING,0,,
P_EDUARDO_ROCHA:youtube,P_EDUARDO_ROCHA,youtube,,PENDING,1,,
P_EDUARDO_ROCHA:x,P_EDUARDO_ROCHA,x,,PENDING,0,,
P_EDUARDO_ROCHA:linkedin,P_EDUARDO_ROCHA,linkedin,,PENDING,0,,
P_EDUARDO_TORRECILLAS:facebook,P_EDUARDO_TORRECILLAS,facebook,,PENDING,0,,
P_EDUARDO_TORRECILLAS:instagram,P_EDUARDO_TORRECILLAS,instagram,,PENDING,0,,
P_EDUARDO_TORRECILLAS:tiktok,P_EDUARDO_TORRECILLAS,tiktok,,PENDING,0,,
P_EDUARDO_TORRECILLAS:youtube,P_EDUARDO_TORRECILLAS,youtube,,PENDING,0,,
P_EDUARDO_TORRECILLAS:x,P_EDUARDO_TORRECILLAS,x,,PENDING,0,,
P_EDUARDO_TORRECILLAS:linkedin,P_EDUARDO_TORRECILLAS,linkedin,,PENDING,0,,
P_ERNESTO_MONASTERIO:facebook,P_ERNESTO_MONASTERIO,facebook,,PENDING,0,,
P_ERNESTO_MONASTERIO:instagram,P_ERNESTO_MONASTERIO,instagram,,PENDING,0,,
P_ERNESTO_MONASTERIO:tiktok,P_ERNESTO_MONASTERIO,tiktok,,PENDING,0,,
P_ERNESTO_MONASTERIO:youtube,P_ERNESTO_MONASTERIO,youtube,,PENDING,0,,
P_ERNESTO_MONASTERIO:x,P_ERNESTO_MONASTERIO,x,,PENDING,0,,
P_ERNESTO_MONASTERIO:linkedin,P_ERNESTO_MONASTERIO,linkedin,,PENDING,0,,
P_FEDERICO_STELZER:facebook,P_FEDERICO_STELZER,facebook,,PENDING,0,,
P_FEDERICO_STELZER:instagram,P_FEDERICO_STELZER,instagram,,PENDING,0,,
P_FEDERICO_STELZER:tiktok,P_FEDERICO_STELZER,tiktok,,PENDING,0,,
P_FEDERICO_STELZER:youtube,P_FEDERICO_STELZER,youtube,,PENDING,0,,
P_FEDERICO_STELZER:x,P_FEDERICO_STELZER,x,,PENDING,0,,
P_FEDERICO_STELZER:linkedin,P_FEDERICO_STELZER,linkedin,,PENDING,0,,
P_FERNANDO_HURTADO:facebook,P_FERNANDO_HURTADO,facebook,,PENDING,0,,
P_FERNANDO_HURTADO:instagram,P_FERNANDO_HURTADO,instagram,,PENDING,0,,
P_FERNANDO_HURTADO:tiktok,P_FERNANDO_HURTADO,tiktok,,PENDING,0,,
P_FERNANDO_HURTADO:youtube,P_FERNANDO_HURTADO,youtube,,PENDING,1,,
P_FERNANDO_HURTADO:x,P_FERNANDO_HURTADO,x,,PENDING,0,,
P_FERNANDO_HURTADO:linkedin,P_FERNANDO_HURTADO,linkedin,,PENDING,0,,
P_FERNANDO_IBANEZ_CUELLAR:facebook,P_FERNANDO_IBANEZ_CUELLAR,facebook,,PENDING,0,,
P_FERNANDO_IBANEZ_CUELLAR:instagram,P_FERNANDO_IBANEZ_CUELLAR,instagram,,PENDING,0,,
P_FERNANDO_IBANEZ_CUELLAR:tiktok,P_FERNANDO_IBANEZ_CUELLAR,tiktok,,PENDING,0,,
P_FERNANDO_IBANEZ_CUELLAR:youtube,P_FERNANDO_IBANEZ_CUELLAR,youtube,,PENDING,0,,
P_FERNANDO_IBANEZ_CUELLAR:x,P_FERNANDO_IBANEZ_CUELLAR,x,,PENDING,0,,
P_FERNANDO_IBANEZ_CUELLAR:linkedin,P_FERNANDO_IBANEZ_CUELLAR,linkedin,,PENDING,0,,
P_FERNANDO_MONASTERIO:facebook,P_FERNANDO_MONASTERIO,facebook,,PENDING,0,,
P_FERNANDO_MONASTERIO:instagram,P_FERNANDO_MONASTERIO,instagram,,PENDING,0,,
P_FERNANDO_MONASTERIO:tiktok,P_FERNANDO_MONASTERIO,tiktok,,PENDING,0,,
P_FERNANDO_MONASTERIO:youtube,P_FERNANDO_MONASTERIO,youtube,,PENDING,0,,
P_FERNANDO_MONASTERIO:x,P_FERNANDO_MONASTERIO,x,,PENDING,0,,
P_FERNANDO_MONASTERIO:linkedin,P_FERNANDO_MONASTERIO,linkedin,,PENDING,0,,
P_FERNANDO_TUMA:facebook,P_FERNANDO_TUMA,facebook,,PENDING,0,,
P_FERNANDO_TUMA:instagram,P_FERNANDO_TUMA,instagram,,PENDING,0,,
P_FERNANDO_TUMA:tiktok,P_FERNANDO_TUMA,tiktok,,PENDING,0,,
P_FERNANDO_TUMA:youtube,P_FERNANDO_TUMA,youtube,,PENDING,0,,
P_FERNANDO_TUMA:x,P_FERNANDO_TUMA,x,,PENDING,0,,
P_FERNANDO_TUMA:linkedin,P_FERNANDO_TUMA,linkedin,,PENDING,0,,
P_FRANCISCO_JAVIER_SHWORTSHIK:facebook,P_FRANCISCO_JAVIER_SHWORTSHIK,facebook,,PENDING,0,,
P_FRANCISCO_JAVIER_SHWORTSHIK:instagram,P_FRANCISCO_JAVIER_SHWORTSHIK,instagram,,PENDING,0,,
P_FRANCISCO_JAVIER_SHWORTSHIK:tiktok,P_FRANCISCO_JAVIER_SHWORTSHIK,tiktok,,PENDING,0,,
P_FRANCISCO_JAVIER_SHWORTSHIK:youtube,P_FRANCISCO_JAVIER_SHWORTSHIK,youtube,,PENDING,0,,
P_FRANCISCO_JAVIER_SHWORTSHIK:x,P_FRANCISCO_JAVIER_SHWORTSHIK,x,,PENDING,0,,
P_FRANCISCO_JAVIER_SHWORTSHIK:linkedin,P_FRANCISCO_JAVIER_SHWORTSHIK,linkedin,,PENDING,0,,
P_GARY_RODRIGUEZ:facebook,P_GARY_RODRIGUEZ,facebook,,PENDING,0,,
P_GARY_RODRIGUEZ:instagram,P_GARY_RODRIGUEZ,instagram,,PENDING,0,,
P_GARY_RODRIGUEZ:tiktok,P_GARY_RODRIGUEZ,tiktok,,PENDING,0,,
P_GARY_RODRIGUEZ:youtube,P_GARY_RODRIGUEZ,youtube,,PENDING,1,,
P_GARY_RODRIGUEZ:x,P_GARY_RODRIGUEZ,x,,PENDING,0,,
P_GARY_RODRIGUEZ:linkedin,P_GARY_RODRIGUEZ,linkedin,,PENDING,0,,
P_HERBERT_VARGAS:facebook,P_HERBERT_VARGAS,facebook,,PENDING,0,,
P_HERBERT_VARGAS:instagram,P_HERBERT_VARGAS,instagram,,PENDING,0,,
P_HERBERT_VARGAS:tiktok,P_HERBERT_VARGAS,tiktok,,PENDING,0,,
P_HERBERT_VARGAS:youtube,P_HERBERT_VARGAS,youtube,,PENDING,0,,
P_HERBERT_VARGAS:x,P_HERBERT_VARGAS,x,,PENDING,0,,
P_HERBERT_VARGAS:linkedin,P_HERBERT_VARGAS,linkedin,,PENDING,0,,
P_HUGO_DE_GRANDCHANT:facebook,P_HUGO_DE_GRANDCHANT,facebook,,PENDING,0,,
P_HUGO_DE_GRANDCHANT:instagram,P_HUGO_DE_GRANDCHANT,instagram,,PENDING,0,,
P_HUGO_DE_GRANDCHANT:tiktok,P_HUGO_DE_GRANDCHANT,tiktok,,PENDING,0,,
P_HUGO_DE_GRANDCHANT:youtube,P_HUGO_DE_GRANDCHANT,youtube,,PENDING,0,,
P_HUGO_DE_GRANDCHANT:x,P_HUGO_DE_GRANDCHANT,x,,PENDING,0,,
P_HUGO_DE_GRANDCHANT:linkedin,P_HUGO_DE_GRANDCHANT,linkedin,,PENDING,0,,
P_IBO_BLAZICEVIC:facebook,P_IBO_BLAZICEVIC,facebook,,PENDING,0,,
P_IBO_BLAZICEVIC:instagram,P_IBO_BLAZICEVIC,instagram,,PENDING,0,,
P_IBO_BLAZICEVIC:tiktok,P_IBO_BLAZICEVIC,tiktok,,PENDING,0,,
P_IBO_BLAZICEVIC:youtube,P_IBO_BLAZICEVIC,youtube,,PENDING,0,,
P_IBO_BLAZICEVIC:x,P_IBO_BLAZICEVIC,x,,PENDING,0,,
P_IBO_BLAZICEVIC:linkedin,P_IBO_BLAZICEVIC,linkedin,,PENDING,0,,
P_IVO_KULJIS:facebook,P_IVO_KULJIS,facebook,,PENDING,0,,
P_IVO_KULJIS:instagram,P_IVO_KULJIS,instagram,,PENDING,0,,
P_IVO_KULJIS:tiktok,P_IVO_KULJIS,tiktok,,PENDING,0,,
P_IVO_KULJIS:youtube,P_IVO_KULJIS,youtube,,PENDING,0,,
P_IVO_KULJIS:x,P_IVO_KULJIS,x,,PENDING,0,,
P_IVO_KULJIS:linkedin,P_IVO_KULJIS,linkedin,,PENDING,0,,
P_JAIME_BARRENECHEA:facebook,P_JAIME_BARRENECHEA,facebook,,PENDING,0,,
P_JAIME_BARRENECHEA:instagram,P_JAIME_BARRENECHEA,instagram,,PENDING,0,,
P_JAIME_BARRENECHEA:tiktok,P_JAIME_BARRENECHEA,tiktok,,PENDING,0,,
P_JAIME_BARRENECHEA:youtube,P_JAIME_BARRENECHEA,youtube,,PENDING,0,,
P_JAIME_BARRENECHEA:x,P_JAIME_BARRENECHEA,x,,PENDING,0,,
P_JAIME_BARRENECHEA:linkedin,P_JAIME_BARRENECHEA,linkedin,,PENDING,0,,
P_JAVIER_UREY:facebook,P_JAVIER_UREY,facebook,,PENDING,0,,
P_JAVIER_UREY:instagram,P_JAVIER_UREY,instagram,,PENDING,0,,
P_JAVIER_UREY:tiktok,P_JAVIER_UREY,tiktok,,PENDING,0,,
P_JAVIER_UREY:youtube,P_JAVIER_UREY,youtube,,PENDING,0,,
P_JAVIER_UREY:x,P_JAVIER_UREY,x,,PENDING,0,,
P_JAVIER_UREY:linkedin,P_JAVIER_UREY,linkedin,,PENDING,0,,
P_JEAN_PIERRE_ANTELO:facebook,P_JEAN_PIERRE_ANTELO,facebook,,PENDING,0,,
P_JEAN_PIERRE_ANTELO:instagram,P_JEAN_PIERRE_ANTELO,instagram,,PENDING,0,,
P_JEAN_PIERRE_ANTELO:tiktok,P_JEAN_PIERRE_ANTELO,tiktok,,PENDING,0,,
P_JEAN_PIERRE_ANTELO:youtube,P_JEAN_PIERRE_ANTELO,youtube,,PENDING,0,,
P_JEAN_PIERRE_ANTELO:x,P_JEAN_PIERRE_ANTELO,x,,PENDING,0,,
P_JEAN_PIERRE_ANTELO:linkedin,P_JEAN_PIERRE_ANTELO,linkedin,,PENDING,0,,
P_JERONIMO_VAQUEIRO:facebook,P_JERONIMO_VAQUEIRO,facebook,,PENDING,0,,
P_JERONIMO_VAQUEIRO:instagram,P_JERONIMO_VAQUEIRO,instagram,,PENDING,0,,
P_JERONIMO_VAQUEIRO:tiktok,P_JERONIMO_VAQUEIRO,tiktok,,PENDING,0,,
P_JERONIMO_VAQUEIRO:youtube,P_JERONIMO_VAQUEIRO,youtube,,PENDING,0,,
P_JERONIMO_VAQUEIRO:x,P_JERONIMO_VAQUEIRO,x,,PENDING,0,,
P_JERONIMO_VAQUEIRO:linkedin,P_JERONIMO_VAQUEIRO,linkedin,,PENDING,0,,
P_JORGE_ARIAS:facebook,P_JORGE_ARIAS,facebook,,PENDING,0,,
P_JORGE_ARIAS:instagram,P_JORGE_ARIAS,instagram,,PENDING,0,,
P_JORGE_ARIAS:tiktok,P_JORGE_ARIAS,tiktok,,PENDING,0,,
P_JORGE_ARIAS:youtube,P_JORGE_ARIAS,youtube,,PENDING,0,,
P_JORGE_ARIAS:x,P_JORGE_ARIAS,x,,PENDING,0,,
P_JORGE_ARIAS:linkedin,P_JORGE_ARIAS,linkedin,,PENDING,0,,
P_JORGE_LAFUENTE:facebook,P_JORGE_LAFUENTE,facebook,,PENDING,0,,
P_JORGE_LAFUENTE:instagram,P_JORGE_LAFUENTE,instagram,,PENDING,0,,
P_JORGE_LAFUENTE:tiktok,P_JORGE_LAFUENTE,tiktok,,PENDING,0,,
P_JORGE_LAFUENTE:youtube,P_JORGE_LAFUENTE,youtube,,PENDING,0,,
P_JORGE_LAFUENTE:x,P_JORGE_LAFUENTE,x,,PENDING,0,,
P_JORGE_LAFUENTE:linkedin,P_JORGE_LAFUENTE,linkedin,,PENDING,0,,
P_JORGE_LOPEZ:facebook,P_JORGE_LOPEZ,facebook,,PENDING,0,,
P_JORGE_LOPEZ:instagram,P_JORGE_LOPEZ,instagram,,PENDING,0,,
P_JORGE_LOPEZ:tiktok,P_JORGE_LOPEZ,tiktok,,PENDING,0,,
P_JORGE_LOPEZ:youtube,P_JORGE_LOPEZ,youtube,,PENDING,1,,
P_JORGE_LOPEZ:x,P_JORGE_LOPEZ,x,,PENDING,0,,
P_JORGE_LOPEZ:linkedin,P_JORGE_LOPEZ,linkedin,,PENDING,0,,
P_JOSE_ANDRES_ABRAHAM_HANDAL:facebook,P_JOSE_ANDRES_ABRAHAM_HANDAL,facebook,,PENDING,0,,
P_JOSE_ANDRES_ABRAHAM_HANDAL:instagram,P_JOSE_ANDRES_ABRAHAM_HANDAL,instagram,,PENDING,0,,
P_JOSE_ANDRES_ABRAHAM_HANDAL:tiktok,P_JOSE_ANDRES_ABRAHAM_HANDAL,tiktok,,PENDING,0,,
P_JOSE_ANDRES_ABRAHAM_HANDAL:youtube,P_JOSE_ANDRES_ABRAHAM_HANDAL,youtube,,PENDING,0,,
P_JOSE_ANDRES_ABRAHAM_HANDAL:x,P_JOSE_ANDRES_ABRAHAM_HANDAL,x,,PENDING,0,,
P_JOSE_ANDRES_ABRAHAM_HANDAL:linkedin,P_JOSE_ANDRES_ABRAHAM_HANDAL,linkedin,,PENDING,0,,
P_JOSE_LUIS_CAMACHO:facebook,P_JOSE_LUIS_CAMACHO,facebook,,PENDING,0,,
P_JOSE_LUIS_CAMACHO:instagram,P_JOSE_LUIS_CAMACHO,instagram,,PENDING,0,,
P_JOSE_LUIS_CAMACHO:tiktok,P_JOSE_LUIS_CAMACHO,tiktok,,PENDING,0,,
P_JOSE_LUIS_CAMACHO:youtube,P_JOSE_LUIS_CAMACHO,youtube,,PENDING,0,,
P_JOSE_LUIS_CAMACHO:x,P_JOSE_LUIS_CAMACHO,x,,PENDING,0,,
P_JOSE_LUIS_CAMACHO:linkedin,P_JOSE_LUIS_CAMACHO,linkedin,,PENDING,0,,
P_JOSE_LUIS_HANDAL:facebook,P_JOSE_LUIS_HANDAL,facebook,,PENDING,0,,
P_JOSE_LUIS_HANDAL:instagram,P_JOSE_LUIS_HANDAL,instagram,,PENDING,0,,
P_JOSE_LUIS_HANDAL:tiktok,P_JOSE_LUIS_HANDAL,tiktok,,PENDING,0,,
P_JOSE_LUIS_HANDAL:youtube,P_JOSE_LUIS_HANDAL,youtube,,PENDING,0,,
P_JOSE_LUIS_HANDAL:x,P_JOSE_LUIS_HANDAL,x,,PENDING,0,,
P_JOSE_LUIS_HANDAL:linkedin,P_JOSE_LUIS_HANDAL,linkedin,,PENDING,0,,
P_JOSE_NICOLAS_LANDIVAR:facebook,P_JOSE_NICOLAS_LANDIVAR,facebook,,PENDING,0,,
P_JOSE_NICOLAS_LANDIVAR:instagram,P_JOSE_NICOLAS_LANDIVAR,instagram,,PENDING,0,,
P_JOSE_NICOLAS_LANDIVAR:tiktok,P_JOSE_NICOLAS_LANDIVAR,tiktok,,PENDING,0,,
P_JOSE_NICOLAS_LANDIVAR:youtube,P_JOSE_NICOLAS_LANDIVAR,youtube,,PENDING,0,,
P_JOSE_NICOLAS_LANDIVAR:x,P_JOSE_NICOLAS_LANDIVAR,x,,PENDING,0,,
P_JOSE_NICOLAS_LANDIVAR:linkedin,P_JOSE_NICOLAS_LANDIVAR,linkedin,,PENDING,0,,
P_JOSEPH_DAVID_ASSELS:facebook,P_JOSEPH_DAVID_ASSELS,facebook,,PENDING,0,,
P_JOSEPH_DAVID_ASSELS:instagram,P_JOSEPH_DAVID_ASSELS,instagram,,PENDING,0,,
P_JOSEPH_DAVID_ASSELS:tiktok,P_JOSEPH_DAVID_ASSELS,tiktok,,PENDING,0,,
P_JOSEPH_DAVID_ASSELS:youtube,P_JOSEPH_DAVID_ASSELS,youtube,,PENDING,0,,
P_JOSEPH_DAVID_ASSELS:x,P_JOSEPH_DAVID_ASSELS,x,,PENDING,0,,
P_JOSEPH_DAVID_ASSELS:linkedin,P_JOSEPH_DAVID_ASSELS,linkedin,,PENDING,0,,
P_JUAN_CARLOS_ZURITA:facebook,P_JUAN_CARLOS_ZURITA,facebook,,PENDING,0,,
P_JUAN_CARLOS_ZURITA:instagram,P_JUAN_CARLOS_ZURITA,instagram,,PENDING,0,,
P_JUAN_CARLOS_ZURITA:tiktok,P_JUAN_CARLOS_ZURITA,tiktok,,PENDING,0,,
P_JUAN_CARLOS_ZURITA:youtube,P_JUAN_CARLOS_ZURITA,youtube,,PENDING,0,,
P_JUAN_CARLOS_ZURITA:x,P_JUAN_CARLOS_ZURITA,x,,PENDING,0,,
P_JUAN_CARLOS_ZURITA:linkedin,P_JUAN_CARLOS_ZURITA,linkedin,,PENDING,0,,
P_JULIO_ENRIQUE_ANGLARILL:facebook,P_JULIO_ENRIQUE_ANGLARILL,facebook,,PENDING,0,,
P_JULIO_ENRIQUE_ANGLARILL:instagram,P_JULIO_ENRIQUE_ANGLARILL,instagram,,PENDING,0,,
P_JULIO_ENRIQUE_ANGLARILL:tiktok,P_JULIO_ENRIQUE_ANGLARILL,tiktok,,PENDING,0,,
P_JULIO_ENRIQUE_ANGLARILL:youtube,P_JULIO_ENRIQUE_ANGLARILL,youtube,,PENDING,0,,
P_JULIO_ENRIQUE_ANGLARILL:x,P_JULIO_ENRIQUE_ANGLARILL,x,,PENDING,0,,
P_JULIO_ENRIQUE_ANGLARILL:linkedin,P_JULIO_ENRIQUE_ANGLARILL,linkedin,,PENDING,0,,
P_JULIO_LEON_PRADO:facebook,P_JULIO_LEON_PRADO,facebook,,PENDING,0,,
P_JULIO_LEON_PRADO:instagram,P_JULIO_LEON_PRADO,instagram,,PENDING,0,,
P_JULIO_LEON_PRADO:tiktok,P_JULIO_LEON_PRADO,tiktok,,PENDING,0,,
P_JULIO_LEON_PRADO:youtube,P_JULIO_LEON_PRADO,youtube,,PENDING,0,,
P_JULIO_LEON_PRADO:x,P_JULIO_LEON_PRADO,x,,PENDING,0,,
P_JULIO_LEON_PRADO:linkedin,P_JULIO_LEON_PRADO,linkedin,,PENDING,0,,
P_LAUREN_MULLER_DE_PACHECO:facebook,P_LAUREN_MULLER_DE_PACHECO,facebook,,PENDING,0,,
P_LAUREN_MULLER_DE_PACHECO:instagram,P_LAUREN_MULLER_DE_PACHECO,instagram,,PENDING,0,,
P_LAUREN_MULLER_DE_PACHECO:tiktok,P_LAUREN_MULLER_DE_PACHECO,tiktok,,PENDING,0,,
P_LAUREN_MULLER_DE_PACHECO:youtube,P_LAUREN_MULLER_DE_PACHECO,youtube,,PENDING,0,,
P_LAUREN_MULLER_DE_PACHECO:x,P_LAUREN_MULLER_DE_PACHECO,x,,PENDING,0,,
P_LAUREN_MULLER_DE_PACHECO:linkedin,P_LAUREN_MULLER_DE_PACHECO,linkedin,,PENDING,0,,
P_LEONARDO_SALVATIERRA:facebook,P_LEONARDO_SALVATIERRA,facebook,,PENDING,0,,
P_LEONARDO_SALVATIERRA:instagram,P_LEONARDO_SALVATIERRA,instagram,,PENDING,0,,
P_LEONARDO_SALVATIERRA:tiktok,P_LEONARDO_SALVATIERRA,tiktok,,PENDING,0,,
P_LEONARDO_SALVATIERRA:youtube,P_LEONARDO_SALVATIERRA,youtube,,PENDING,1,,
P_LEONARDO_SALVATIERRA:x,P_LEONARDO_SALVATIERRA,x,,PENDING,0,,
P_LEONARDO_SALVATIERRA:linkedin,P_LEONARDO_SALVATIERRA,linkedin,,PENDING,0,,
P_LILIANA_CASTELLANOS:facebook,P_LILIANA_CASTELLANOS,facebook,,PENDING,0,,
P_LILIANA_CASTELLANOS:instagram,P_LILIANA_CASTELLANOS,instagram,,PENDING,0,,
P_LILIANA_CASTELLANOS:tiktok,P_LILIANA_CASTELLANOS,tiktok,,PENDING,0,,
P_LILIANA_CASTELLANOS:youtube,P_LILIANA_CASTELLANOS,youtube,,PENDING,1,,
P_LILIANA_CASTELLANOS:x,P_LILIANA_CASTELLANOS,x,,PENDING,0,,
P_LILIANA_CASTELLANOS:linkedin,P_LILIANA_CASTELLANOS,linkedin,,PENDING,0,,
P_LUIS_FERNANDO_BARBERY:facebook,P_LUIS_FERNANDO_BARBERY,facebook,,PENDING,0,,
P_LUIS_FERNANDO_BARBERY:instagram,P_LUIS_FERNANDO_BARBERY,instagram,,PENDING,0,,
P_LUIS_FERNANDO_BARBERY:tiktok,P_LUIS_FERNANDO_BARBERY,tiktok,,PENDING,0,,
P_LUIS_FERNANDO_BARBERY:youtube,P_LUIS_FERNANDO_BARBERY,youtube,,PENDING,0,,
P_LUIS_FERNANDO_BARBERY:x,P_LUIS_FERNANDO_BARBERY,x,,PENDING,0,,
P_LUIS_FERNANDO_BARBERY:linkedin,P_LUIS_FERNANDO_BARBERY,linkedin,,PENDING,0,,
P_LUIS_FERNANDO_MORALES_SIMON:facebook,P_LUIS_FERNANDO_MORALES_SIMON,facebook,,PENDING,0,,
P_LUIS_FERNANDO_MORALES_SIMON:instagram,P_LUIS_FERNANDO_MORALES_SIMON,instagram,,PENDING,0,,
P_LUIS_FERNANDO_MORALES_SIMON:tiktok,P_LUIS_FERNANDO_MORALES_SIMON,tiktok,,PENDING,0,,
P_LUIS_FERNANDO_MORALES_SIMON:youtube,P_LUIS_FERNANDO_MORALES_SIMON,youtube,,PENDING,0,,
P_LUIS_FERNANDO_MORALES_SIMON:x,P_LUIS_FERNANDO_MORALES_SIMON,x,,PENDING,0,,
P_LUIS_FERNANDO_MORALES_SIMON:linkedin,P_LUIS_FERNANDO_MORALES_SIMON,linkedin,,PENDING,0,,
P_LUIS_FERNANDO_SAAVEDRA:facebook,P_LUIS_FERNANDO_SAAVEDRA,facebook,,PENDING,0,,
P_LUIS_FERNANDO_SAAVEDRA:instagram,P_LUIS_FERNANDO_SAAVEDRA,instagram,,PENDING,0,,
P_LUIS_FERNANDO_SAAVEDRA:tiktok,P_LUIS_FERNANDO_SAAVEDRA,tiktok,,PENDING,0,,
P_LUIS_FERNANDO_SAAVEDRA:youtube,P_LUIS_FERNANDO_SAAVEDRA,youtube,,PENDING,1,,
P_LUIS_FERNANDO_SAAVEDRA:x,P_LUIS_FERNANDO_SAAVEDRA,x,,PENDING,0,,
P_LUIS_FERNANDO_SAAVEDRA:linkedin,P_LUIS_FERNANDO_SAAVEDRA,linkedin,,PENDING,0,,
P_LUIS_PABLO_GRANIER:facebook,P_LUIS_PABLO_GRANIER,facebook,,PENDING,0,,
P_LUIS_PABLO_GRANIER:instagram,P_LUIS_PABLO_GRANIER,instagram,,PENDING,0,,
P_LUIS_PABLO_GRANIER:tiktok,P_LUIS_PABLO_GRANIER,tiktok,,PENDING,0,,
P_LUIS_PABLO_GRANIER:youtube,P_LUIS_PABLO_GRANIER,youtube,,PENDING,0,,
P_LUIS_PABLO_GRANIER:x,P_LUIS_PABLO_GRANIER,x,,PENDING,0,,
P_LUIS_PABLO_GRANIER:linkedin,P_LUIS_PABLO_GRANIER,linkedin,,PENDING,0,,
P_MANUEL_LAREDO:facebook,P_MANUEL_LAREDO,facebook,,PENDING,0,,
P_MANUEL_LAREDO:instagram,P_MANUEL_LAREDO,instagram,,PENDING,0,,
P_MANUEL_LAREDO:tiktok,P_MANUEL_LAREDO,tiktok,,PENDING,0,,
P_MANUEL_LAREDO:youtube,P_MANUEL_LAREDO,youtube,,PENDING,0,,
P_MANUEL_LAREDO:x,P_MANUEL_LAREDO,x,,PENDING,0,,
P_MANUEL_LAREDO:linkedin,P_MANUEL_LAREDO,linkedin,,PENDING,0,,
P_MARCELO_MORALES:facebook,P_MARCELO_MORALES,facebook,,PENDING,0,,
P_MARCELO_MORALES:instagram,P_MARCELO_MORALES,instagram,,PENDING,0,,
P_MARCELO_MORALES:tiktok,P_MARCELO_MORALES,tiktok,,PENDING,0,,
P_MARCELO_MORALES:youtube,P_MARCELO_MORALES,youtube,,PENDING,0,,
P_MARCELO_MORALES:x,P_MARCELO_MORALES,x,,PENDING,0,,
P_MARCELO_MORALES:linkedin,P_MARCELO_MORALES,linkedin,,PENDING,0,,
P_MARCO_ANTONIO_ASBUN:facebook,P_MARCO_ANTONIO_ASBUN,facebook,,PENDING,0,,
P_MARCO_ANTONIO_ASBUN:instagram,P_MARCO_ANTONIO_ASBUN,instagram,,PENDING,0,,
P_MARCO_ANTONIO_ASBUN:tiktok,P_MARCO_ANTONIO_ASBUN,tiktok,,PENDING,0,,
P_MARCO_ANTONIO_ASBUN:youtube,P_MARCO_ANTONIO_ASBUN,youtube,,PENDING,0,,
P_MARCO_ANTONIO_ASBUN:x,P_MARCO_ANTONIO_ASBUN,x,,PENDING,0,,
P_MARCO_ANTONIO_ASBUN:linkedin,P_MARCO_ANTONIO_ASBUN,linkedin,,PENDING,0,,
P_MARIA_EUGENIA_GUTIERREZ:facebook,P_MARIA_EUGENIA_GUTIERREZ,facebook,,PENDING,0,,
P_MARIA_EUGENIA_GUTIERREZ:instagram,P_MARIA_EUGENIA_GUTIERREZ,instagram,,PENDING,0,,
P_MARIA_EUGENIA_GUTIERREZ:tiktok,P_MARIA_EUGENIA_GUTIERREZ,tiktok,,PENDING,0,,
P_MARIA_EUGENIA_GUTIERREZ:youtube,P_MARIA_EUGENIA_GUTIERREZ,youtube,,PENDING,0,,
P_MARIA_EUGENIA_GUTIERREZ:x,P_MARIA_EUGENIA_GUTIERREZ,x,,PENDING,0,,
P_MARIA_EUGENIA_GUTIERREZ:linkedin,P_MARIA_EUGENIA_GUTIERREZ,linkedin,,PENDING,0,,
P_MARIA_RENEE_CENTELLAS:facebook,P_MARIA_RENEE_CENTELLAS,facebook,,PENDING,0,,
P_MARIA_RENEE_CENTELLAS:instagram,P_MARIA_RENEE_CENTELLAS,instagram,,PENDING,0,,
P_MARIA_RENEE_CENTELLAS:tiktok,P_MARIA_RENEE_CENTELLAS,tiktok,,PENDING,0,,
P_MARIA_RENEE_CENTELLAS:youtube,P_MARIA_RENEE_CENTELLAS,youtube,,PENDING,0,,
P_MARIA_RENEE_CENTELLAS:x,P_MARIA_RENEE_CENTELLAS,x,,PENDING,0,,
P_MARIA_RENEE_CENTELLAS:linkedin,P_MARIA_RENEE_CENTELLAS,linkedin,,PENDING,0,,
P_MARIANO_AGUILERA:facebook,P_MARIANO_AGUILERA,facebook,,PENDING,0,,
P_MARIANO_AGUILERA:instagram,P_MARIANO_AGUILERA,instagram,,PENDING,0,,
P_MARIANO_AGUILERA:tiktok,P_MARIANO_AGUILERA,tiktok,,PENDING,0,,
P_MARIANO_AGUILERA:youtube,P_MARIANO_AGUILERA,youtube,,PENDING,0,,
P_MARIANO_AGUILERA:x,P_MARIANO_AGUILERA,x,,PENDING,0,,
P_MARIANO_AGUILERA:linkedin,P_MARIANO_AGUILERA,linkedin,,PENDING,0,,
P_MARIO_ANGLARILL_SALVATIERRA:facebook,P_MARIO_ANGLARILL_SALVATIERRA,facebook,,PENDING,0,,
P_MARIO_ANGLARILL_SALVATIERRA:instagram,P_MARIO_ANGLARILL_SALVATIERRA,instagram,,PENDING,0,,
P_MARIO_ANGLARILL_SALVATIERRA:tiktok,P_MARIO_ANGLARILL_SALVATIERRA,tiktok,,PENDING,0,,
P_MARIO_ANGLARILL_SALVATIERRA:youtube,P_MARIO_ANGLARILL_SALVATIERRA,youtube,,PENDING,0,,
P_MARIO_ANGLARILL_SALVATIERRA:x,P_MARIO_ANGLARILL_SALVATIERRA,x,,PENDING,0,,
P_MARIO_ANGLARILL_SALVATIERRA:linkedin,P_MARIO_ANGLARILL_SALVATIERRA,linkedin,,PENDING,0,,
P_MARIO_ANGLARILL_SERRATE:facebook,P_MARIO_ANGLARILL_SERRATE,facebook,,PENDING,0,,
P_MARIO_ANGLARILL_SERRATE:instagram,P_MARIO_ANGLARILL_SERRATE,instagram,,PENDING,0,,
P_MARIO_ANGLARILL_SERRATE:tiktok,P_MARIO_ANGLARILL_SERRATE,tiktok,,PENDING,0,,
P_MARIO_ANGLARILL_SERRATE:youtube,P_MARIO_ANGLARILL_SERRATE,youtube,,PENDING,0,,
P_MARIO_ANGLARILL_SERRATE:x,P_MARIO_ANGLARILL_SERRATE,x,,PENDING,0,,
P_MARIO_ANGLARILL_SERRATE:linkedin,P_MARIO_ANGLARILL_SERRATE,linkedin,,PENDING,0,,
P_MICHELLE_NORIEGA:facebook,P_MICHELLE_NORIEGA,facebook,,PENDING,0,,
P_MICHELLE_NORIEGA:instagram,P_MICHELLE_NORIEGA,instagram,,PENDING,0,,
P_MICHELLE_NORIEGA:tiktok,P_MICHELLE_NORIEGA,tiktok,,PENDING,0,,
P_MICHELLE_NORIEGA:youtube,P_MICHELLE_NORIEGA,youtube,,PENDING,0,,
P_MICHELLE_NORIEGA:x,P_MICHELLE_NORIEGA,x,,PENDING,0,,
P_MICHELLE_NORIEGA:linkedin,P_MICHELLE_NORIEGA,linkedin,,PENDING,0,,
P_MONIKA_JESSEN:facebook,P_MONIKA_JESSEN,facebook,,PENDING,0,,
P_MONIKA_JESSEN:instagram,P_MONIKA_JESSEN,instagram,,PENDING,0,,
P_MONIKA_JESSEN:tiktok,P_MONIKA_JESSEN,tiktok,,PENDING,0,,
P_MONIKA_JESSEN:youtube,P_MONIKA_JESSEN,youtube,,PENDING,0,,
P_MONIKA_JESSEN:x,P_MONIKA_JESSEN,x,,PENDING,0,,
P_MONIKA_JESSEN:linkedin,P_MONIKA_JESSEN,linkedin,,PENDING,0,,
P_NADIA_EID:facebook,P_NADIA_EID,facebook,,PENDING,0,,
P_NADIA_EID:instagram,P_NADIA_EID,instagram,,PENDING,0,,
P_NADIA_EID:tiktok,P_NADIA_EID,tiktok,,PENDING,0,,
P_NADIA_EID:youtube,P_NADIA_EID,youtube,,PENDING,0,,
P_NADIA_EID:x,P_NADIA_EID,x,,PENDING,0,,
P_NADIA_EID:linkedin,P_NADIA_EID,linkedin,,PENDING,0,,
P_NANCY_CAMPERO:facebook,P_NANCY_CAMPERO,facebook,,PENDING,0,,
P_NANCY_CAMPERO:instagram,P_NANCY_CAMPERO,instagram,,PENDING,0,,
P_NANCY_CAMPERO:tiktok,P_NANCY_CAMPERO,tiktok,,PENDING,0,,
P_NANCY_CAMPERO:youtube,P_NANCY_CAMPERO,youtube,,PENDING,0,,
P_NANCY_CAMPERO:x,P_NANCY_CAMPERO,x,,PENDING,0,,
P_NANCY_CAMPERO:linkedin,P_NANCY_CAMPERO,linkedin,,PENDING,0,,
P_OSCAR_ORTIZ:facebook,P_OSCAR_ORTIZ,facebook,,PENDING,0,,
P_OSCAR_ORTIZ:instagram,P_OSCAR_ORTIZ,instagram,,PENDING,0,,
P_OSCAR_ORTIZ:tiktok,P_OSCAR_ORTIZ,tiktok,,PENDING,0,,
P_OSCAR_ORTIZ:youtube,P_OSCAR_ORTIZ,youtube,,PENDING,0,,
P_OSCAR_ORTIZ:x,P_OSCAR_ORTIZ,x,,PENDING,0,,
P_OSCAR_ORTIZ:linkedin,P_OSCAR_ORTIZ,linkedin,,PENDING,0,,
P_PABLO_BEDOYA:facebook,P_PABLO_BEDOYA,facebook,,PENDING,0,,
P_PABLO_BEDOYA:instagram,P_PABLO_BEDOYA,instagram,,PENDING,0,,
P_PABLO_BEDOYA:tiktok,P_PABLO_BEDOYA,tiktok,,PENDING,0,,
P_PABLO_BEDOYA:youtube,P_PABLO_BEDOYA,youtube,,PENDING,1,,
P_PABLO_BEDOYA:x,P_PABLO_BEDOYA,x,,PENDING,0,,
P_PABLO_BEDOYA:linkedin,P_PABLO_BEDOYA,linkedin,,PENDING,0,,
P_PERCY_ANEZ:facebook,P_PERCY_ANEZ,facebook,,PENDING,0,,
P_PERCY_ANEZ:instagram,P_PERCY_ANEZ,instagram,,PENDING,0,,
P_PERCY_ANEZ:tiktok,P_PERCY_ANEZ,tiktok,,PENDING,0,,
P_PERCY_ANEZ:youtube,P_PERCY_ANEZ,youtube,,PENDING,0,,
P_PERCY_ANEZ:x,P_PERCY_ANEZ,x,,PENDING,0,,
P_PERCY_ANEZ:linkedin,P_PERCY_ANEZ,linkedin,,PENDING,0,,
P_RAFAEL_PAZ_AGUILERA:facebook,P_RAFAEL_PAZ_AGUILERA,facebook,,PENDING,0,,
P_RAFAEL_PAZ_AGUILERA:instagram,P_RAFAEL_PAZ_AGUILERA,instagram,,PENDING,0,,
P_RAFAEL_PAZ_AGUILERA:tiktok,P_RAFAEL_PAZ_AGUILERA,tiktok,,PENDING,0,,
P_RAFAEL_PAZ_AGUILERA:youtube,P_RAFAEL_PAZ_AGUILERA,youtube,,PENDING,0,,
P_RAFAEL_PAZ_AGUILERA:x,P_RAFAEL_PAZ_AGUILERA,x,,PENDING,0,,
P_RAFAEL_PAZ_AGUILERA:linkedin,P_RAFAEL_PAZ_AGUILERA,linkedin,,PENDING,0,,
P_RAUL_STRAUSS:facebook,P_RAUL_STRAUSS,facebook,,PENDING,0,,
P_RAUL_STRAUSS:instagram,P_RAUL_STRAUSS,instagram,,PENDING,0,,
P_RAUL_STRAUSS:tiktok,P_RAUL_STRAUSS,tiktok,,PENDING,0,,
P_RAUL_STRAUSS:youtube,P_RAUL_STRAUSS,youtube,,PENDING,0,,
P_RAUL_STRAUSS:x,P_RAUL_STRAUSS,x,,PENDING,0,,
P_RAUL_STRAUSS:linkedin,P_RAUL_STRAUSS,linkedin,,PENDING,0,,
P_RICARDO_ANGLARILL_SERRATE:facebook,P_RICARDO_ANGLARILL_SERRATE,facebook,,PENDING,0,,
P_RICARDO_ANGLARILL_SERRATE:instagram,P_RICARDO_ANGLARILL_SERRATE,instagram,,PENDING,0,,
P_RICARDO_ANGLARILL_SERRATE:tiktok,P_RICARDO_ANGLARILL_SERRATE,tiktok,,PENDING,0,,
P_RICARDO_ANGLARILL_SERRATE:youtube,P_RICARDO_ANGLARILL_SERRATE,youtube,,PENDING,0,,
P_RICARDO_ANGLARILL_SERRATE:x,P_RICARDO_ANGLARILL_SERRATE,x,,PENDING,0,,
P_RICARDO_ANGLARILL_SERRATE:linkedin,P_RICARDO_ANGLARILL_SERRATE,linkedin,,PENDING,0,,
P_ROBERTO_MAGANA:facebook,P_ROBERTO_MAGANA,facebook,,PENDING,0,,
P_ROBERTO_MAGANA:instagram,P_ROBERTO_MAGANA,instagram,,PENDING,0,,
P_ROBERTO_MAGANA:tiktok,P_ROBERTO_MAGANA,tiktok,,PENDING,0,,
P_ROBERTO_MAGANA:youtube,P_ROBERTO_MAGANA,youtube,,PENDING,0,,
P_ROBERTO_MAGANA:x,P_ROBERTO_MAGANA,x,,PENDING,0,,
P_ROBERTO_MAGANA:linkedin,P_ROBERTO_MAGANA,linkedin,,PENDING,0,,
P_RONALD_NOSTAS:facebook,P_RONALD_NOSTAS,facebook,,PENDING,0,,
P_RONALD_NOSTAS:instagram,P_RONALD_NOSTAS,instagram,,PENDING,0,,
P_RONALD_NOSTAS:tiktok,P_RONALD_NOSTAS,tiktok,,PENDING,0,,
P_RONALD_NOSTAS:youtube,P_RONALD_NOSTAS,youtube,,PENDING,0,,
P_RONALD_NOSTAS:x,P_RONALD_NOSTAS,x,,PENDING,0,,
P_RONALD_NOSTAS:linkedin,P_RONALD_NOSTAS,linkedin,,PENDING,0,,
P_ROSARIO_PAZ_GUTIERREZ:facebook,P_ROSARIO_PAZ_GUTIERREZ,facebook,,PENDING,0,,
P_ROSARIO_PAZ_GUTIERREZ:instagram,P_ROSARIO_PAZ_GUTIERREZ,instagram,,PENDING,0,,
P_ROSARIO_PAZ_GUTIERREZ:tiktok,P_ROSARIO_PAZ_GUTIERREZ,tiktok,,PENDING,0,,
P_ROSARIO_PAZ_GUTIERREZ:youtube,P_ROSARIO_PAZ_GUTIERREZ,youtube,,PENDING,0,,
P_ROSARIO_PAZ_GUTIERREZ:x,P_ROSARIO_PAZ_GUTIERREZ,x,,PENDING,0,,
P_ROSARIO_PAZ_GUTIERREZ:linkedin,P_ROSARIO_PAZ_GUTIERREZ,linkedin,,PENDING,0,,
P_SAMUEL_DORIA_MEDINA_MONJE:facebook,P_SAMUEL_DORIA_MEDINA_MONJE,facebook,,PENDING,0,,
P_SAMUEL_DORIA_MEDINA_MONJE:instagram,P_SAMUEL_DORIA_MEDINA_MONJE,instagram,,PENDING,0,,
P_SAMUEL_DORIA_MEDINA_MONJE:tiktok,P_SAMUEL_DORIA_MEDINA_MONJE,tiktok,,PENDING,0,,
P_SAMUEL_DORIA_MEDINA_MONJE:youtube,P_SAMUEL_DORIA_MEDINA_MONJE,youtube,,PENDING,0,,
P_SAMUEL_DORIA_MEDINA_MONJE:x,P_SAMUEL_DORIA_MEDINA_MONJE,x,,PENDING,0,,
P_SAMUEL_DORIA_MEDINA_MONJE:linkedin,P_SAMUEL_DORIA_MEDINA_MONJE,linkedin,,PENDING,0,,
P_SANDRA_BRUNO:facebook,P_SANDRA_BRUNO,facebook,,PENDING,0,,
P_SANDRA_BRUNO:instagram,P_SANDRA_BRUNO,instagram,,PENDING,0,,
P_SANDRA_BRUNO:tiktok,P_SANDRA_BRUNO,tiktok,,PENDING,0,,
P_SANDRA_BRUNO:youtube,P_SANDRA_BRUNO,youtube,,PENDING,1,,
P_SANDRA_BRUNO:x,P_SANDRA_BRUNO,x,,PENDING,0,,
P_SANDRA_BRUNO:linkedin,P_SANDRA_BRUNO,linkedin,,PENDING,0,,
P_SERGIO_ASBUN:facebook,P_SERGIO_ASBUN,facebook,,PENDING,0,,
P_SERGIO_ASBUN:instagram,P_SERGIO_ASBUN,instagram,,PENDING,0,,
P_SERGIO_ASBUN:tiktok,P_SERGIO_ASBUN,tiktok,,PENDING,0,,
P_SERGIO_ASBUN:youtube,P_SERGIO_ASBUN,youtube,,PENDING,0,,
P_SERGIO_ASBUN:x,P_SERGIO_ASBUN,x,,PENDING,0,,
P_SERGIO_ASBUN:linkedin,P_SERGIO_ASBUN,linkedin,,PENDING,0,,
P_SERGIO_LOMA:facebook,P_SERGIO_LOMA,facebook,,PENDING,0,,
P_SERGIO_LOMA:instagram,P_SERGIO_LOMA,instagram,,PENDING,0,,
P_SERGIO_LOMA:tiktok,P_SERGIO_LOMA,tiktok,,PENDING,0,,
P_SERGIO_LOMA:youtube,P_SERGIO_LOMA,youtube,,PENDING,0,,
P_SERGIO_LOMA:x,P_SERGIO_LOMA,x,,PENDING,0,,
P_SERGIO_LOMA:linkedin,P_SERGIO_LOMA,linkedin,,PENDING,0,,
P_SERGIO_PEREIRA:facebook,P_SERGIO_PEREIRA,facebook,,PENDING,0,,
P_SERGIO_PEREIRA:instagram,P_SERGIO_PEREIRA,instagram,,PENDING,0,,
P_SERGIO_PEREIRA:tiktok,P_SERGIO_PEREIRA,tiktok,,PENDING,0,,
P_SERGIO_PEREIRA:youtube,P_SERGIO_PEREIRA,youtube,,PENDING,1,,
P_SERGIO_PEREIRA:x,P_SERGIO_PEREIRA,x,,PENDING,0,,
P_SERGIO_PEREIRA:linkedin,P_SERGIO_PEREIRA,linkedin,,PENDING,0,,
P_STEFAN_POSTEY:facebook,P_STEFAN_POSTEY,facebook,,PENDING,0,,
P_STEFAN_POSTEY:instagram,P_STEFAN_POSTEY,instagram,,PENDING,0,,
P_STEFAN_POSTEY:tiktok,P_STEFAN_POSTEY,tiktok,,PENDING,0,,
P_STEFAN_POSTEY:youtube,P_STEFAN_POSTEY,youtube,,PENDING,0,,
P_STEFAN_POSTEY:x,P_STEFAN_POSTEY,x,,PENDING,0,,
P_STEFAN_POSTEY:linkedin,P_STEFAN_POSTEY,linkedin,,PENDING,0,,
P_SVEN_SCHILLING:facebook,P_SVEN_SCHILLING,facebook,,PENDING,0,,
P_SVEN_SCHILLING:instagram,P_SVEN_SCHILLING,instagram,,PENDING,0,,
P_SVEN_SCHILLING:tiktok,P_SVEN_SCHILLING,tiktok,,PENDING,0,,
P_SVEN_SCHILLING:youtube,P_SVEN_SCHILLING,youtube,,PENDING,0,,
P_SVEN_SCHILLING:x,P_SVEN_SCHILLING,x,,PENDING,0,,
P_SVEN_SCHILLING:linkedin,P_SVEN_SCHILLING,linkedin,,PENDING,0,,
P_TITO_ORELLANA:facebook,P_TITO_ORELLANA,facebook,,PENDING,0,,
P_TITO_ORELLANA:instagram,P_TITO_ORELLANA,instagram,,PENDING,0,,
P_TITO_ORELLANA:tiktok,P_TITO_ORELLANA,tiktok,,PENDING,0,,
P_TITO_ORELLANA:youtube,P_TITO_ORELLANA,youtube,,PENDING,1,,
P_TITO_ORELLANA:x,P_TITO_ORELLANA,x,,PENDING,0,,
P_TITO_ORELLANA:linkedin,P_TITO_ORELLANA,linkedin,,PENDING,0,,
P_TOMISLAV_KULJIS:facebook,P_TOMISLAV_KULJIS,facebook,,PENDING,0,,
P_TOMISLAV_KULJIS:instagram,P_TOMISLAV_KULJIS,instagram,,PENDING,0,,
P_TOMISLAV_KULJIS:tiktok,P_TOMISLAV_KULJIS,tiktok,,PENDING,0,,
P_TOMISLAV_KULJIS:youtube,P_TOMISLAV_KULJIS,youtube,,PENDING,0,,
P_TOMISLAV_KULJIS:x,P_TOMISLAV_KULJIS,x,,PENDING,0,,
P_TOMISLAV_KULJIS:linkedin,P_TOMISLAV_KULJIS,linkedin,,PENDING,0,,
P_VALENTINA_FORNO:facebook,P_VALENTINA_FORNO,facebook,,PENDING,0,,
P_VALENTINA_FORNO:instagram,P_VALENTINA_FORNO,instagram,,PENDING,0,,
P_VALENTINA_FORNO:tiktok,P_VALENTINA_FORNO,tiktok,,PENDING,0,,
P_VALENTINA_FORNO:youtube,P_VALENTINA_FORNO,youtube,,PENDING,0,,
P_VALENTINA_FORNO:x,P_VALENTINA_FORNO,x,,PENDING,0,,
P_VALENTINA_FORNO:linkedin,P_VALENTINA_FORNO,linkedin,,PENDING,0,,
P_VERONICA_AGREDA:facebook,P_VERONICA_AGREDA,facebook,,PENDING,0,,
P_VERONICA_AGREDA:instagram,P_VERONICA_AGREDA,instagram,,PENDING,0,,
P_VERONICA_AGREDA:tiktok,P_VERONICA_AGREDA,tiktok,,PENDING,0,,
P_VERONICA_AGREDA:youtube,P_VERONICA_AGREDA,youtube,,PENDING,0,,
P_VERONICA_AGREDA:x,P_VERONICA_AGREDA,x,,PENDING,0,,
P_VERONICA_AGREDA:linkedin,P_VERONICA_AGREDA,linkedin,,PENDING,0,,
P_VERONICA_GAVILANES:facebook,P_VERONICA_GAVILANES,facebook,,PENDING,0,,
P_VERONICA_GAVILANES:instagram,P_VERONICA_GAVILANES,instagram,,PENDING,0,,
P_VERONICA_GAVILANES:tiktok,P_VERONICA_GAVILANES,tiktok,,PENDING,0,,
P_VERONICA_GAVILANES:youtube,P_VERONICA_GAVILANES,youtube,,PENDING,0,,
P_VERONICA_GAVILANES:x,P_VERONICA_GAVILANES,x,,PENDING,0,,
P_VERONICA_GAVILANES:linkedin,P_VERONICA_GAVILANES,linkedin,,PENDING,0,,
P_VICTOR_HUGO_JIMENEZ:facebook,P_VICTOR_HUGO_JIMENEZ,facebook,,PENDING,0,,
P_VICTOR_HUGO_JIMENEZ:instagram,P_VICTOR_HUGO_JIMENEZ,instagram,,PENDING,0,,
P_VICTOR_HUGO_JIMENEZ:tiktok,P_VICTOR_HUGO_JIMENEZ,tiktok,,PENDING,0,,
P_VICTOR_HUGO_JIMENEZ:youtube,P_VICTOR_HUGO_JIMENEZ,youtube,,PENDING,0,,
P_VICTOR_HUGO_JIMENEZ:x,P_VICTOR_HUGO_JIMENEZ,x,,PENDING,0,,
P_VICTOR_HUGO_JIMENEZ:linkedin,P_VICTOR_HUGO_JIMENEZ,linkedin,,PENDING,0,,
P_VIVIANA_PANIAGUA:facebook,P_VIVIANA_PANIAGUA,facebook,,PENDING,0,,
P_VIVIANA_PANIAGUA:instagram,P_VIVIANA_PANIAGUA,instagram,,PENDING,0,,
P_VIVIANA_PANIAGUA:tiktok,P_VIVIANA_PANIAGUA,tiktok,,PENDING,0,,
P_VIVIANA_PANIAGUA:youtube,P_VIVIANA_PANIAGUA,youtube,,PENDING,0,,
P_VIVIANA_PANIAGUA:x,P_VIVIANA_PANIAGUA,x,,PENDING,0,,
P_VIVIANA_PANIAGUA:linkedin,P_VIVIANA_PANIAGUA,linkedin,,PENDING,0,,
P_WALTER_KULJIS:facebook,P_WALTER_KULJIS,facebook,,PENDING,0,,
P_WALTER_KULJIS:instagram,P_WALTER_KULJIS,instagram,,PENDING,0,,
P_WALTER_KULJIS:tiktok,P_WALTER_KULJIS,tiktok,,PENDING,0,,
P_WALTER_KULJIS:youtube,P_WALTER_KULJIS,youtube,,PENDING,0,,
P_WALTER_KULJIS:x,P_WALTER_KULJIS,x,,PENDING,0,,
P_WALTER_KULJIS:linkedin,P_WALTER_KULJIS,linkedin,,PENDING,0,,
P_XIMENA_BEHOTEGUY:facebook,P_XIMENA_BEHOTEGUY,facebook,,PENDING,0,,
P_XIMENA_BEHOTEGUY:instagram,P_XIMENA_BEHOTEGUY,instagram,,PENDING,0,,
P_XIMENA_BEHOTEGUY:tiktok,P_XIMENA_BEHOTEGUY,tiktok,,PENDING,0,,
P_XIMENA_BEHOTEGUY:youtube,P_XIMENA_BEHOTEGUY,youtube,,PENDING,0,,
P_XIMENA_BEHOTEGUY:x,P_XIMENA_BEHOTEGUY,x,,PENDING,0,,
P_XIMENA_BEHOTEGUY:linkedin,P_XIMENA_BEHOTEGUY,linkedin,,PENDING,0,,
P_XIMENA_PARADA:facebook,P_XIMENA_PARADA,facebook,,PENDING,0,,
P_XIMENA_PARADA:instagram,P_XIMENA_PARADA,instagram,,PENDING,0,,
P_XIMENA_PARADA:tiktok,P_XIMENA_PARADA,tiktok,,PENDING,0,,
P_XIMENA_PARADA:youtube,P_XIMENA_PARADA,youtube,,PENDING,0,,
P_XIMENA_PARADA:x,P_XIMENA_PARADA,x,,PENDING,0,,
P_XIMENA_PARADA:linkedin,P_XIMENA_PARADA,linkedin,,PENDING,0,,
P_AURELIO_PESOA_RIBERA:facebook,P_AURELIO_PESOA_RIBERA,facebook,,PENDING,0,,
P_AURELIO_PESOA_RIBERA:instagram,P_AURELIO_PESOA_RIBERA,instagram,,PENDING,0,,
P_AURELIO_PESOA_RIBERA:tiktok,P_AURELIO_PESOA_RIBERA,tiktok,,PENDING,0,,
P_AURELIO_PESOA_RIBERA:youtube,P_AURELIO_PESOA_RIBERA,youtube,,PENDING,0,,
P_AURELIO_PESOA_RIBERA:x,P_AURELIO_PESOA_RIBERA,x,,PENDING,0,,
P_AURELIO_PESOA_RIBERA:linkedin,P_AURELIO_PESOA_RIBERA,linkedin,,PENDING,0,,
P_EDMUNDO_LUIS_FLAVIO_ABASTOFLOR_MONTERO:facebook,P_EDMUNDO_LUIS_FLAVIO_ABASTOFLOR_MONTERO,facebook,,PENDING,0,,
P_EDMUNDO_LUIS_FLAVIO_ABASTOFLOR_MONTERO:instagram,P_EDMUNDO_LUIS_FLAVIO_ABASTOFLOR_MONTERO,instagram,,PENDING,0,,
P_EDMUNDO_LUIS_FLAVIO_ABASTOFLOR_MONTERO:tiktok,P_EDMUNDO_LUIS_FLAVIO_ABASTOFLOR_MONTERO,tiktok,,PENDING,0,,
P_EDMUNDO_LUIS_FLAVIO_ABASTOFLOR_MONTERO:youtube,P_EDMUNDO_LUIS_FLAVIO_ABASTOFLOR_MONTERO,youtube,,PENDING,0,,
P_EDMUNDO_LUIS_FLAVIO_ABASTOFLOR_MONTERO:x,P_EDMUNDO_LUIS_FLAVIO_ABASTOFLOR_MONTERO,x,,PENDING,0,,
P_EDMUNDO_LUIS_FLAVIO_ABASTOFLOR_MONTERO:linkedin,P_EDMUNDO_LUIS_FLAVIO_ABASTOFLOR_MONTERO,linkedin,,PENDING,0,,
P_EUGENIO_COTER:facebook,P_EUGENIO_COTER,facebook,,PENDING,0,,
P_EUGENIO_COTER:instagram,P_EUGENIO_COTER,instagram,,PENDING,0,,
P_EUGENIO_COTER:tiktok,P_EUGENIO_COTER,tiktok,,PENDING,0,,
P_EUGENIO_COTER:youtube,P_EUGENIO_COTER,youtube,,PENDING,0,,
P_EUGENIO_COTER:x,P_EUGENIO_COTER,x,,PENDING,0,,
P_EUGENIO_COTER:linkedin,P_EUGENIO_COTER,linkedin,,PENDING,0,,
P_FERNANDO_BASCOPE_MULLER:facebook,P_FERNANDO_BASCOPE_MULLER,facebook,,PENDING,0,,
P_FERNANDO_BASCOPE_MULLER:instagram,P_FERNANDO_BASCOPE_MULLER,instagram,,PENDING,0,,
P_FERNANDO_BASCOPE_MULLER:tiktok,P_FERNANDO_BASCOPE_MULLER,tiktok,,PENDING,0,,
P_FERNANDO_BASCOPE_MULLER:youtube,P_FERNANDO_BASCOPE_MULLER,youtube,,PENDING,0,,
P_FERNANDO_BASCOPE_MULLER:x,P_FERNANDO_BASCOPE_MULLER,x,,PENDING,0,,
P_FERNANDO_BASCOPE_MULLER:linkedin,P_FERNANDO_BASCOPE_MULLER,linkedin,,PENDING,0,,
P_MARIA_GALINDO:facebook,P_MARIA_GALINDO,facebook,,PENDING,0,,
P_MARIA_GALINDO:instagram,P_MARIA_GALINDO,instagram,,PENDING,0,,
P_MARIA_GALINDO:tiktok,P_MARIA_GALINDO,tiktok,,PENDING,0,,
P_MARIA_GALINDO:youtube,P_MARIA_GALINDO,youtube,,PENDING,1,,
P_MARIA_GALINDO:x,P_MARIA_GALINDO,x,,PENDING,0,,
P_MARIA_GALINDO:linkedin,P_MARIA_GALINDO,linkedin,,PENDING,0,,
P_NICOLAS_RENAN_AGUILERA_ARROYO:facebook,P_NICOLAS_RENAN_AGUILERA_ARROYO,facebook,,PENDING,0,,
P_NICOLAS_RENAN_AGUILERA_ARROYO:instagram,P_NICOLAS_RENAN_AGUILERA_ARROYO,instagram,,PENDING,0,,
P_NICOLAS_RENAN_AGUILERA_ARROYO:tiktok,P_NICOLAS_RENAN_AGUILERA_ARROYO,tiktok,,PENDING,0,,
P_NICOLAS_RENAN_AGUILERA_ARROYO:youtube,P_NICOLAS_RENAN_AGUILERA_ARROYO,youtube,,PENDING,0,,
P_NICOLAS_RENAN_AGUILERA_ARROYO:x,P_NICOLAS_RENAN_AGUILERA_ARROYO,x,,PENDING,0,,
P_NICOLAS_RENAN_AGUILERA_ARROYO:linkedin,P_NICOLAS_RENAN_AGUILERA_ARROYO,linkedin,,PENDING,0,,
P_NINA_PY_BROZOVICH:facebook,P_NINA_PY_BROZOVICH,facebook,,PENDING,0,,
P_NINA_PY_BROZOVICH:instagram,P_NINA_PY_BROZOVICH,instagram,,PENDING,0,,
P_NINA_PY_BROZOVICH:tiktok,P_NINA_PY_BROZOVICH,tiktok,,PENDING,0,,
P_NINA_PY_BROZOVICH:youtube,P_NINA_PY_BROZOVICH,youtube,,PENDING,0,,
P_NINA_PY_BROZOVICH:x,P_NINA_PY_BROZOVICH,x,,PENDING,0,,
P_NINA_PY_BROZOVICH:linkedin,P_NINA_PY_BROZOVICH,linkedin,,PENDING,0,,
P_OSCAR_OLIVERA:facebook,P_OSCAR_OLIVERA,facebook,,PENDING,0,,
P_OSCAR_OLIVERA:instagram,P_OSCAR_OLIVERA,instagram,,PENDING,0,,
P_OSCAR_OLIVERA:tiktok,P_OSCAR_OLIVERA,tiktok,,PENDING,0,,
P_OSCAR_OLIVERA:youtube,P_OSCAR_OLIVERA,youtube,,PENDING,0,,
P_OSCAR_OLIVERA:x,P_OSCAR_OLIVERA,x,,PENDING,0,,
P_OSCAR_OLIVERA:linkedin,P_OSCAR_OLIVERA,linkedin,,PENDING,0,,
P_OSCAR_OMAR_APARICIO_CESPEDES:facebook,P_OSCAR_OMAR_APARICIO_CESPEDES,facebook,,PENDING,0,,
P_OSCAR_OMAR_APARICIO_CESPEDES:instagram,P_OSCAR_OMAR_APARICIO_CESPEDES,instagram,,PENDING,0,,
P_OSCAR_OMAR_APARICIO_CESPEDES:tiktok,P_OSCAR_OMAR_APARICIO_CESPEDES,tiktok,,PENDING,0,,
P_OSCAR_OMAR_APARICIO_CESPEDES:youtube,P_OSCAR_OMAR_APARICIO_CESPEDES,youtube,,PENDING,0,,
P_OSCAR_OMAR_APARICIO_CESPEDES:x,P_OSCAR_OMAR_APARICIO_CESPEDES,x,,PENDING,0,,
P_OSCAR_OMAR_APARICIO_CESPEDES:linkedin,P_OSCAR_OMAR_APARICIO_CESPEDES,linkedin,,PENDING,0,,
P_ROBERT_HERMAN_FLOCK:facebook,P_ROBERT_HERMAN_FLOCK,facebook,,PENDING,0,,
P_ROBERT_HERMAN_FLOCK:instagram,P_ROBERT_HERMAN_FLOCK,instagram,,PENDING,0,,
P_ROBERT_HERMAN_FLOCK:tiktok,P_ROBERT_HERMAN_FLOCK,tiktok,,PENDING,0,,
P_ROBERT_HERMAN_FLOCK:youtube,P_ROBERT_HERMAN_FLOCK,youtube,,PENDING,0,,
P_ROBERT_HERMAN_FLOCK:x,P_ROBERT_HERMAN_FLOCK,x,,PENDING,0,,
P_ROBERT_HERMAN_FLOCK:linkedin,P_ROBERT_HERMAN_FLOCK,linkedin,,PENDING,0,,
P_SERGIO_ALFREDO_GUALBERTI:facebook,P_SERGIO_ALFREDO_GUALBERTI,facebook,,PENDING,0,,
P_SERGIO_ALFREDO_GUALBERTI:instagram,P_SERGIO_ALFREDO_GUALBERTI,instagram,,PENDING,0,,
P_SERGIO_ALFREDO_GUALBERTI:tiktok,P_SERGIO_ALFREDO_GUALBERTI,tiktok,,PENDING,0,,
P_SERGIO_ALFREDO_GUALBERTI:youtube,P_SERGIO_ALFREDO_GUALBERTI,youtube,,PENDING,0,,
P_SERGIO_ALFREDO_GUALBERTI:x,P_SERGIO_ALFREDO_GUALBERTI,x,,PENDING,0,,
P_SERGIO_ALFREDO_GUALBERTI:linkedin,P_SERGIO_ALFREDO_GUALBERTI,linkedin,,PENDING,0,,
P_TITO_SOLARI_CAPELLARI:facebook,P_TITO_SOLARI_CAPELLARI,facebook,,PENDING,0,,
P_TITO_SOLARI_CAPELLARI:instagram,P_TITO_SOLARI_CAPELLARI,instagram,,PENDING,0,,
P_TITO_SOLARI_CAPELLARI:tiktok,P_TITO_SOLARI_CAPELLARI,tiktok,,PENDING,0,,
P_TITO_SOLARI_CAPELLARI:youtube,P_TITO_SOLARI_CAPELLARI,youtube,,PENDING,0,,
P_TITO_SOLARI_CAPELLARI:x,P_TITO_SOLARI_CAPELLARI,x,,PENDING,0,,
P_TITO_SOLARI_CAPELLARI:linkedin,P_TITO_SOLARI_CAPELLARI,linkedin,,PENDING,0,,
P_TORIBIO_TICONA_PORCO:facebook,P_TORIBIO_TICONA_PORCO,facebook,,PENDING,0,,
P_TORIBIO_TICONA_PORCO:instagram,P_TORIBIO_TICONA_PORCO,instagram,,PENDING,0,,
P_TORIBIO_TICONA_PORCO:tiktok,P_TORIBIO_TICONA_PORCO,tiktok,,PENDING,0,,
P_TORIBIO_TICONA_PORCO:youtube,P_TORIBIO_TICONA_PORCO,youtube,,PENDING,0,,
P_TORIBIO_TICONA_PORCO:x,P_TORIBIO_TICONA_PORCO,x,,PENDING,0,,
P_TORIBIO_TICONA_PORCO:linkedin,P_TORIBIO_TICONA_PORCO,linkedin,,PENDING,0,,
P_BETTY_VEIZAGA_SILES:facebook,P_BETTY_VEIZAGA_SILES,facebook,,PENDING,0,,
P_BETTY_VEIZAGA_SILES:instagram,P_BETTY_VEIZAGA_SILES,instagram,,PENDING,0,,
P_BETTY_VEIZAGA_SILES:tiktok,P_BETTY_VEIZAGA_SILES,tiktok,,PENDING,0,,
P_BETTY_VEIZAGA_SILES:youtube,P_BETTY_VEIZAGA_SILES,youtube,,PENDING,0,,
P_BETTY_VEIZAGA_SILES:x,P_BETTY_VEIZAGA_SILES,x,,PENDING,0,,
P_BETTY_VEIZAGA_SILES:linkedin,P_BETTY_VEIZAGA_SILES,linkedin,,PENDING,0,,
P_CARLA_ORTIZ:facebook,P_CARLA_ORTIZ,facebook,,PENDING,0,,
P_CARLA_ORTIZ:instagram,P_CARLA_ORTIZ,instagram,,PENDING,0,,
P_CARLA_ORTIZ:tiktok,P_CARLA_ORTIZ,tiktok,,PENDING,0,,
P_CARLA_ORTIZ:youtube,P_CARLA_ORTIZ,youtube,,PENDING,1,,
P_CARLA_ORTIZ:x,P_CARLA_ORTIZ,x,,PENDING,0,,
P_CARLA_ORTIZ:linkedin,P_CARLA_ORTIZ,linkedin,,PENDING,0,,
P_EDMUNDO_PAZ_SOLDAN:facebook,P_EDMUNDO_PAZ_SOLDAN,facebook,,PENDING,0,,
P_EDMUNDO_PAZ_SOLDAN:instagram,P_EDMUNDO_PAZ_SOLDAN,instagram,,PENDING,0,,
P_EDMUNDO_PAZ_SOLDAN:tiktok,P_EDMUNDO_PAZ_SOLDAN,tiktok,,PENDING,0,,
P_EDMUNDO_PAZ_SOLDAN:youtube,P_EDMUNDO_PAZ_SOLDAN,youtube,,PENDING,0,,
P_EDMUNDO_PAZ_SOLDAN:x,P_EDMUNDO_PAZ_SOLDAN,x,,PENDING,0,,
P_EDMUNDO_PAZ_SOLDAN:linkedin,P_EDMUNDO_PAZ_SOLDAN,linkedin,,PENDING,0,,
P_ELVIRA_ESPEJO_AYCA:facebook,P_ELVIRA_ESPEJO_AYCA,facebook,,PENDING,0,,
P_ELVIRA_ESPEJO_AYCA:instagram,P_ELVIRA_ESPEJO_AYCA,instagram,,PENDING,0,,
P_ELVIRA_ESPEJO_AYCA:tiktok,P_ELVIRA_ESPEJO_AYCA,tiktok,,PENDING,0,,
P_ELVIRA_ESPEJO_AYCA:youtube,P_ELVIRA_ESPEJO_AYCA,youtube,,PENDING,0,,
P_ELVIRA_ESPEJO_AYCA:x,P_ELVIRA_ESPEJO_AYCA,x,,PENDING,0,,
P_ELVIRA_ESPEJO_AYCA:linkedin,P_ELVIRA_ESPEJO_AYCA,linkedin,,PENDING,0,,
P_FREDDY_MAMANI:facebook,P_FREDDY_MAMANI,facebook,,PENDING,0,,
P_FREDDY_MAMANI:instagram,P_FREDDY_MAMANI,instagram,,PENDING,0,,
P_FREDDY_MAMANI:tiktok,P_FREDDY_MAMANI,tiktok,,PENDING,0,,
P_FREDDY_MAMANI:youtube,P_FREDDY_MAMANI,youtube,,PENDING,1,,
P_FREDDY_MAMANI:x,P_FREDDY_MAMANI,x,,PENDING,0,,
P_FREDDY_MAMANI:linkedin,P_FREDDY_MAMANI,linkedin,,PENDING,0,,
P_GRACIELA_RODO_BOULANGER:facebook,P_GRACIELA_RODO_BOULANGER,facebook,,PENDING,0,,
P_GRACIELA_RODO_BOULANGER:instagram,P_GRACIELA_RODO_BOULANGER,instagram,,PENDING,0,,
P_GRACIELA_RODO_BOULANGER:tiktok,P_GRACIELA_RODO_BOULANGER,tiktok,,PENDING,0,,
P_GRACIELA_RODO_BOULANGER:youtube,P_GRACIELA_RODO_BOULANGER,youtube,,PENDING,0,,
P_GRACIELA_RODO_BOULANGER:x,P_GRACIELA_RODO_BOULANGER,x,,PENDING,0,,
P_GRACIELA_RODO_BOULANGER:linkedin,P_GRACIELA_RODO_BOULANGER,linkedin,,PENDING,0,,
P_JORGE_SANJINES:facebook,P_JORGE_SANJINES,facebook,,PENDING,0,,
P_JORGE_SANJINES:instagram,P_JORGE_SANJINES,instagram,,PENDING,0,,
P_JORGE_SANJINES:tiktok,P_JORGE_SANJINES,tiktok,,PENDING,0,,
P_JORGE_SANJINES:youtube,P_JORGE_SANJINES,youtube,,PENDING,1,,
P_JORGE_SANJINES:x,P_JORGE_SANJINES,x,,PENDING,0,,
P_JORGE_SANJINES:linkedin,P_JORGE_SANJINES,linkedin,,PENDING,0,,
P_JULIETA_PAREDES_CARVAJAL:facebook,P_JULIETA_PAREDES_CARVAJAL,facebook,,PENDING,0,,
P_JULIETA_PAREDES_CARVAJAL:instagram,P_JULIETA_PAREDES_CARVAJAL,instagram,,PENDING,0,,
P_JULIETA_PAREDES_CARVAJAL:tiktok,P_JULIETA_PAREDES_CARVAJAL,tiktok,,PENDING,0,,
P_JULIETA_PAREDES_CARVAJAL:youtube,P_JULIETA_PAREDES_CARVAJAL,youtube,,PENDING,0,,
P_JULIETA_PAREDES_CARVAJAL:x,P_JULIETA_PAREDES_CARVAJAL,x,,PENDING,0,,
P_JULIETA_PAREDES_CARVAJAL:linkedin,P_JULIETA_PAREDES_CARVAJAL,linkedin,,PENDING,0,,
P_LUZMILA_CARPIO:facebook,P_LUZMILA_CARPIO,facebook,,PENDING,0,,
P_LUZMILA_CARPIO:instagram,P_LUZMILA_CARPIO,instagram,,PENDING,1,,
P_LUZMILA_CARPIO:tiktok,P_LUZMILA_CARPIO,tiktok,,PENDING,0,,
P_LUZMILA_CARPIO:youtube,P_LUZMILA_CARPIO,youtube,,PENDING,0,,
P_LUZMILA_CARPIO:x,P_LUZMILA_CARPIO,x,,PENDING,0,,
P_LUZMILA_CARPIO:linkedin,P_LUZMILA_CARPIO,linkedin,,PENDING,0,,
P_OLGA_PAREDES:facebook,P_OLGA_PAREDES,facebook,,PENDING,0,,
P_OLGA_PAREDES:instagram,P_OLGA_PAREDES,instagram,,PENDING,0,,
P_OLGA_PAREDES:tiktok,P_OLGA_PAREDES,tiktok,,PENDING,0,,
P_OLGA_PAREDES:youtube,P_OLGA_PAREDES,youtube,,PENDING,1,,
P_OLGA_PAREDES:x,P_OLGA_PAREDES,x,,PENDING,0,,
P_OLGA_PAREDES:linkedin,P_OLGA_PAREDES,linkedin,,PENDING,0,,
P_OLIVIA_PINHEIRO:facebook,P_OLIVIA_PINHEIRO,facebook,,PENDING,0,,
P_OLIVIA_PINHEIRO:instagram,P_OLIVIA_PINHEIRO,instagram,,PENDING,0,,
P_OLIVIA_PINHEIRO:tiktok,P_OLIVIA_PINHEIRO,tiktok,,PENDING,0,,
P_OLIVIA_PINHEIRO:youtube,P_OLIVIA_PINHEIRO,youtube,,PENDING,0,,
P_OLIVIA_PINHEIRO:x,P_OLIVIA_PINHEIRO,x,,PENDING,0,,
P_OLIVIA_PINHEIRO:linkedin,P_OLIVIA_PINHEIRO,linkedin,,PENDING,0,,
P_PAOLO_AGAZZI:facebook,P_PAOLO_AGAZZI,facebook,,PENDING,0,,
P_PAOLO_AGAZZI:instagram,P_PAOLO_AGAZZI,instagram,,PENDING,0,,
P_PAOLO_AGAZZI:tiktok,P_PAOLO_AGAZZI,tiktok,,PENDING,0,,
P_PAOLO_AGAZZI:youtube,P_PAOLO_AGAZZI,youtube,,PENDING,0,,
P_PAOLO_AGAZZI:x,P_PAOLO_AGAZZI,x,,PENDING,0,,
P_PAOLO_AGAZZI:linkedin,P_PAOLO_AGAZZI,linkedin,,PENDING,0,,
P_PEDRO_SHIMOSE:facebook,P_PEDRO_SHIMOSE,facebook,,PENDING,0,,
P_PEDRO_SHIMOSE:instagram,P_PEDRO_SHIMOSE,instagram,,PENDING,0,,
P_PEDRO_SHIMOSE:tiktok,P_PEDRO_SHIMOSE,tiktok,,PENDING,0,,
P_PEDRO_SHIMOSE:youtube,P_PEDRO_SHIMOSE,youtube,,PENDING,0,,
P_PEDRO_SHIMOSE:x,P_PEDRO_SHIMOSE,x,,PENDING,0,,
P_PEDRO_SHIMOSE:linkedin,P_PEDRO_SHIMOSE,linkedin,,PENDING,0,,
P_ROBERTO_MAMANI_MAMANI:facebook,P_ROBERTO_MAMANI_MAMANI,facebook,,PENDING,0,,
P_ROBERTO_MAMANI_MAMANI:instagram,P_ROBERTO_MAMANI_MAMANI,instagram,,PENDING,0,,
P_ROBERTO_MAMANI_MAMANI:tiktok,P_ROBERTO_MAMANI_MAMANI,tiktok,,PENDING,0,,
P_ROBERTO_MAMANI_MAMANI:youtube,P_ROBERTO_MAMANI_MAMANI,youtube,,PENDING,1,,
P_ROBERTO_MAMANI_MAMANI:x,P_ROBERTO_MAMANI_MAMANI,x,,PENDING,0,,
P_ROBERTO_MAMANI_MAMANI:linkedin,P_ROBERTO_MAMANI_MAMANI,linkedin,,PENDING,0,,
P_VANESSA_ALFARO:facebook,P_VANESSA_ALFARO,facebook,,PENDING,0,,
P_VANESSA_ALFARO:instagram,P_VANESSA_ALFARO,instagram,,PENDING,0,,
P_VANESSA_ALFARO:tiktok,P_VANESSA_ALFARO,tiktok,,PENDING,0,,
P_VANESSA_ALFARO:youtube,P_VANESSA_ALFARO,youtube,,PENDING,0,,
P_VANESSA_ALFARO:x,P_VANESSA_ALFARO,x,,PENDING,0,,
P_VANESSA_ALFARO:linkedin,P_VANESSA_ALFARO,linkedin,,PENDING,1,,
P_XIMENA_HERRERA:facebook,P_XIMENA_HERRERA,facebook,,PENDING,1,,
P_XIMENA_HERRERA:instagram,P_XIMENA_HERRERA,instagram,,PENDING,1,,
P_XIMENA_HERRERA:tiktok,P_XIMENA_HERRERA,tiktok,,PENDING,0,,
P_XIMENA_HERRERA:youtube,P_XIMENA_HERRERA,youtube,,PENDING,0,,
P_XIMENA_HERRERA:x,P_XIMENA_HERRERA,x,,PENDING,0,,
P_XIMENA_HERRERA:linkedin,P_XIMENA_HERRERA,linkedin,,PENDING,0,,
P_ALBERTINA_SACACA:facebook,P_ALBERTINA_SACACA,facebook,,PENDING,0,,
P_ALBERTINA_SACACA:instagram,P_ALBERTINA_SACACA,instagram,,PENDING,1,,
P_ALBERTINA_SACACA:tiktok,P_ALBERTINA_SACACA,tiktok,,PENDING,0,,
P_ALBERTINA_SACACA:youtube,P_ALBERTINA_SACACA,youtube,,PENDING,1,,
P_ALBERTINA_SACACA:x,P_ALBERTINA_SACACA,x,,PENDING,0,,
P_ALBERTINA_SACACA:linkedin,P_ALBERTINA_SACACA,linkedin,,PENDING,0,,
P_ALE_PINEDO:facebook,P_ALE_PINEDO,facebook,,PENDING,0,,
P_ALE_PINEDO:instagram,P_ALE_PINEDO,instagram,,PENDING,0,,
P_ALE_PINEDO:tiktok,P_ALE_PINEDO,tiktok,,PENDING,0,,
P_ALE_PINEDO:youtube,P_ALE_PINEDO,youtube,,PENDING,0,,
P_ALE_PINEDO:x,P_ALE_PINEDO,x,,PENDING,0,,
P_ALE_PINEDO:linkedin,P_ALE_PINEDO,linkedin,,PENDING,0,,
P_ALEXIUS:facebook,P_ALEXIUS,facebook,,PENDING,0,,
P_ALEXIUS:instagram,P_ALEXIUS,instagram,,PENDING,0,,
P_ALEXIUS:tiktok,P_ALEXIUS,tiktok,,PENDING,0,,
P_ALEXIUS:youtube,P_ALEXIUS,youtube,,PENDING,0,,
P_ALEXIUS:x,P_ALEXIUS,x,,PENDING,0,,
P_ALEXIUS:linkedin,P_ALEXIUS,linkedin,,PENDING,0,,
P_ANABEL_ANGUS:facebook,P_ANABEL_ANGUS,facebook,,PENDING,0,,
P_ANABEL_ANGUS:instagram,P_ANABEL_ANGUS,instagram,,PENDING,1,,
P_ANABEL_ANGUS:tiktok,P_ANABEL_ANGUS,tiktok,,PENDING,1,,
P_ANABEL_ANGUS:youtube,P_ANABEL_ANGUS,youtube,,PENDING,1,,
P_ANABEL_ANGUS:x,P_ANABEL_ANGUS,x,,PENDING,0,,
P_ANABEL_ANGUS:linkedin,P_ANABEL_ANGUS,linkedin,,PENDING,0,,
P_ANGELSG:facebook,P_ANGELSG,facebook,,PENDING,0,,
P_ANGELSG:instagram,P_ANGELSG,instagram,,PENDING,0,,
P_ANGELSG:tiktok,P_ANGELSG,tiktok,,PENDING,0,,
P_ANGELSG:youtube,P_ANGELSG,youtube,,PENDING,0,,
P_ANGELSG:x,P_ANGELSG,x,,PENDING,0,,
P_ANGELSG:linkedin,P_ANGELSG,linkedin,,PENDING,0,,
P_CANDRES_PEREDO:facebook,P_CANDRES_PEREDO,facebook,,PENDING,0,,
P_CANDRES_PEREDO:instagram,P_CANDRES_PEREDO,instagram,,PENDING,0,,
P_CANDRES_PEREDO:tiktok,P_CANDRES_PEREDO,tiktok,,PENDING,0,,
P_CANDRES_PEREDO:youtube,P_CANDRES_PEREDO,youtube,,PENDING,0,,
P_CANDRES_PEREDO:x,P_CANDRES_PEREDO,x,,PENDING,0,,
P_CANDRES_PEREDO:linkedin,P_CANDRES_PEREDO,linkedin,,PENDING,0,,
P_CARLOS_MARQUINA:facebook,P_CARLOS_MARQUINA,facebook,,PENDING,0,,
P_CARLOS_MARQUINA:instagram,P_CARLOS_MARQUINA,instagram,,PENDING,0,,
P_CARLOS_MARQUINA:tiktok,P_CARLOS_MARQUINA,tiktok,,PENDING,1,,
P_CARLOS_MARQUINA:youtube,P_CARLOS_MARQUINA,youtube,,PENDING,1,,
P_CARLOS_MARQUINA:x,P_CARLOS_MARQUINA,x,,PENDING,0,,
P_CARLOS_MARQUINA:linkedin,P_CARLOS_MARQUINA,linkedin,,PENDING,0,,
P_CLAUDIA_ARCE:facebook,P_CLAUDIA_ARCE,facebook,,PENDING,0,,
P_CLAUDIA_ARCE:instagram,P_CLAUDIA_ARCE,instagram,,PENDING,1,,
P_CLAUDIA_ARCE:tiktok,P_CLAUDIA_ARCE,tiktok,,PENDING,0,,
P_CLAUDIA_ARCE:youtube,P_CLAUDIA_ARCE,youtube,,PENDING,0,,
P_CLAUDIA_ARCE:x,P_CLAUDIA_ARCE,x,,PENDING,0,,
P_CLAUDIA_ARCE:linkedin,P_CLAUDIA_ARCE,linkedin,,PENDING,0,,
P_COCINANDO_CON_ELENA:facebook,P_COCINANDO_CON_ELENA,facebook,,PENDING,0,,
P_COCINANDO_CON_ELENA:instagram,P_COCINANDO_CON_ELENA,instagram,,PENDING,0,,
P_COCINANDO_CON_ELENA:tiktok,P_COCINANDO_CON_ELENA,tiktok,,PENDING,0,,
P_COCINANDO_CON_ELENA:youtube,P_COCINANDO_CON_ELENA,youtube,,PENDING,1,,
P_COCINANDO_CON_ELENA:x,P_COCINANDO_CON_ELENA,x,,PENDING,0,,
P_COCINANDO_CON_ELENA:linkedin,P_COCINANDO_CON_ELENA,linkedin,,PENDING,0,,
P_CRIS_EMPRENDE:facebook,P_CRIS_EMPRENDE,facebook,,PENDING,0,,
P_CRIS_EMPRENDE:instagram,P_CRIS_EMPRENDE,instagram,,PENDING,0,,
P_CRIS_EMPRENDE:tiktok,P_CRIS_EMPRENDE,tiktok,,PENDING,0,,
P_CRIS_EMPRENDE:youtube,P_CRIS_EMPRENDE,youtube,,PENDING,0,,
P_CRIS_EMPRENDE:x,P_CRIS_EMPRENDE,x,,PENDING,0,,
P_CRIS_EMPRENDE:linkedin,P_CRIS_EMPRENDE,linkedin,,PENDING,0,,
P_CRISTIAN_APAZA:facebook,P_CRISTIAN_APAZA,facebook,,PENDING,0,,
P_CRISTIAN_APAZA:instagram,P_CRISTIAN_APAZA,instagram,,PENDING,0,,
P_CRISTIAN_APAZA:tiktok,P_CRISTIAN_APAZA,tiktok,,PENDING,0,,
P_CRISTIAN_APAZA:youtube,P_CRISTIAN_APAZA,youtube,,PENDING,1,,
P_CRISTIAN_APAZA:x,P_CRISTIAN_APAZA,x,,PENDING,0,,
P_CRISTIAN_APAZA:linkedin,P_CRISTIAN_APAZA,linkedin,,PENDING,0,,
P_DANIEL_DUENAS:facebook,P_DANIEL_DUENAS,facebook,,PENDING,0,,
P_DANIEL_DUENAS:instagram,P_DANIEL_DUENAS,instagram,,PENDING,0,,
P_DANIEL_DUENAS:tiktok,P_DANIEL_DUENAS,tiktok,,PENDING,1,,
P_DANIEL_DUENAS:youtube,P_DANIEL_DUENAS,youtube,,PENDING,1,,
P_DANIEL_DUENAS:x,P_DANIEL_DUENAS,x,,PENDING,0,,
P_DANIEL_DUENAS:linkedin,P_DANIEL_DUENAS,linkedin,,PENDING,0,,
P_ELIAS_AYAVIRI:facebook,P_ELIAS_AYAVIRI,facebook,,PENDING,0,,
P_ELIAS_AYAVIRI:instagram,P_ELIAS_AYAVIRI,instagram,,PENDING,1,,
P_ELIAS_AYAVIRI:tiktok,P_ELIAS_AYAVIRI,tiktok,,PENDING,1,,
P_ELIAS_AYAVIRI:youtube,P_ELIAS_AYAVIRI,youtube,,PENDING,1,,
P_ELIAS_AYAVIRI:x,P_ELIAS_AYAVIRI,x,,PENDING,0,,
P_ELIAS_AYAVIRI:linkedin,P_ELIAS_AYAVIRI,linkedin,,PENDING,0,,
P_FABRICIO_BLACUTT:facebook,P_FABRICIO_BLACUTT,facebook,,PENDING,0,,
P_FABRICIO_BLACUTT:instagram,P_FABRICIO_BLACUTT,instagram,,PENDING,1,,
P_FABRICIO_BLACUTT:tiktok,P_FABRICIO_BLACUTT,tiktok,,PENDING,0,,
P_FABRICIO_BLACUTT:youtube,P_FABRICIO_BLACUTT,youtube,,PENDING,0,,
P_FABRICIO_BLACUTT:x,P_FABRICIO_BLACUTT,x,,PENDING,0,,
P_FABRICIO_BLACUTT:linkedin,P_FABRICIO_BLACUTT,linkedin,,PENDING,0,,
P_GABRIELA_ZEGARRA:facebook,P_GABRIELA_ZEGARRA,facebook,,PENDING,0,,
P_GABRIELA_ZEGARRA:instagram,P_GABRIELA_ZEGARRA,instagram,,PENDING,1,,
P_GABRIELA_ZEGARRA:tiktok,P_GABRIELA_ZEGARRA,tiktok,,PENDING,0,,
P_GABRIELA_ZEGARRA:youtube,P_GABRIELA_ZEGARRA,youtube,,PENDING,0,,
P_GABRIELA_ZEGARRA:x,P_GABRIELA_ZEGARRA,x,,PENDING,0,,
P_GABRIELA_ZEGARRA:linkedin,P_GABRIELA_ZEGARRA,linkedin,,PENDING,0,,
P_GATA_DE_LA_COPIA:facebook,P_GATA_DE_LA_COPIA,facebook,,PENDING,0,,
P_GATA_DE_LA_COPIA:instagram,P_GATA_DE_LA_COPIA,instagram,,PENDING,0,,
P_GATA_DE_LA_COPIA:tiktok,P_GATA_DE_LA_COPIA,tiktok,,PENDING,0,,
P_GATA_DE_LA_COPIA:youtube,P_GATA_DE_LA_COPIA,youtube,,PENDING,0,,
P_GATA_DE_LA_COPIA:x,P_GATA_DE_LA_COPIA,x,,PENDING,0,,
P_GATA_DE_LA_COPIA:linkedin,P_GATA_DE_LA_COPIA,linkedin,,PENDING,0,,
P_JOSESINLZ:facebook,P_JOSESINLZ,facebook,,PENDING,0,,
P_JOSESINLZ:instagram,P_JOSESINLZ,instagram,,PENDING,0,,
P_JOSESINLZ:tiktok,P_JOSESINLZ,tiktok,,PENDING,0,,
P_JOSESINLZ:youtube,P_JOSESINLZ,youtube,,PENDING,0,,
P_JOSESINLZ:x,P_JOSESINLZ,x,,PENDING,0,,
P_JOSESINLZ:linkedin,P_JOSESINLZ,linkedin,,PENDING,0,,
P_JUNIOR_MAVITY:facebook,P_JUNIOR_MAVITY,facebook,,PENDING,0,,
P_JUNIOR_MAVITY:instagram,P_JUNIOR_MAVITY,instagram,,PENDING,0,,
P_JUNIOR_MAVITY:tiktok,P_JUNIOR_MAVITY,tiktok,,PENDING,1,,
P_JUNIOR_MAVITY:youtube,P_JUNIOR_MAVITY,youtube,,PENDING,1,,
P_JUNIOR_MAVITY:x,P_JUNIOR_MAVITY,x,,PENDING,0,,
P_JUNIOR_MAVITY:linkedin,P_JUNIOR_MAVITY,linkedin,,PENDING,0,,
P_LA_WARMI_ROSA:facebook,P_LA_WARMI_ROSA,facebook,,PENDING,0,,
P_LA_WARMI_ROSA:instagram,P_LA_WARMI_ROSA,instagram,,PENDING,0,,
P_LA_WARMI_ROSA:tiktok,P_LA_WARMI_ROSA,tiktok,,PENDING,0,,
P_LA_WARMI_ROSA:youtube,P_LA_WARMI_ROSA,youtube,,PENDING,0,,
P_LA_WARMI_ROSA:x,P_LA_WARMI_ROSA,x,,PENDING,0,,
P_LA_WARMI_ROSA:linkedin,P_LA_WARMI_ROSA,linkedin,,PENDING,0,,
P_LAYME:facebook,P_LAYME,facebook,,PENDING,0,,
P_LAYME:instagram,P_LAYME,instagram,,PENDING,0,,
P_LAYME:tiktok,P_LAYME,tiktok,,PENDING,0,,
P_LAYME:youtube,P_LAYME,youtube,,PENDING,0,,
P_LAYME:x,P_LAYME,x,,PENDING,0,,
P_LAYME:linkedin,P_LAYME,linkedin,,PENDING,0,,
P_LEONEL_FRANSEZZE:facebook,P_LEONEL_FRANSEZZE,facebook,,PENDING,0,,
P_LEONEL_FRANSEZZE:instagram,P_LEONEL_FRANSEZZE,instagram,,PENDING,0,,
P_LEONEL_FRANSEZZE:tiktok,P_LEONEL_FRANSEZZE,tiktok,,PENDING,0,,
P_LEONEL_FRANSEZZE:youtube,P_LEONEL_FRANSEZZE,youtube,,PENDING,1,,
P_LEONEL_FRANSEZZE:x,P_LEONEL_FRANSEZZE,x,,PENDING,0,,
P_LEONEL_FRANSEZZE:linkedin,P_LEONEL_FRANSEZZE,linkedin,,PENDING,0,,
P_LIZETH_CALLIZAYA:facebook,P_LIZETH_CALLIZAYA,facebook,,PENDING,0,,
P_LIZETH_CALLIZAYA:instagram,P_LIZETH_CALLIZAYA,instagram,,PENDING,0,,
P_LIZETH_CALLIZAYA:tiktok,P_LIZETH_CALLIZAYA,tiktok,,PENDING,1,,
P_LIZETH_CALLIZAYA:youtube,P_LIZETH_CALLIZAYA,youtube,,PENDING,0,,
P_LIZETH_CALLIZAYA:x,P_LIZETH_CALLIZAYA,x,,PENDING,0,,
P_LIZETH_CALLIZAYA:linkedin,P_LIZETH_CALLIZAYA,linkedin,,PENDING,0,,
P_LUZ_CRUZ:facebook,P_LUZ_CRUZ,facebook,,PENDING,0,,
P_LUZ_CRUZ:instagram,P_LUZ_CRUZ,instagram,,PENDING,0,,
P_LUZ_CRUZ:tiktok,P_LUZ_CRUZ,tiktok,,PENDING,0,,
P_LUZ_CRUZ:youtube,P_LUZ_CRUZ,youtube,,PENDING,1,,
P_LUZ_CRUZ:x,P_LUZ_CRUZ,x,,PENDING,0,,
P_LUZ_CRUZ:linkedin,P_LUZ_CRUZ,linkedin,,PENDING,0,,
P_MAMA_LUCY:facebook,P_MAMA_LUCY,facebook,,PENDING,0,,
P_MAMA_LUCY:instagram,P_MAMA_LUCY,instagram,,PENDING,0,,
P_MAMA_LUCY:tiktok,P_MAMA_LUCY,tiktok,,PENDING,1,,
P_MAMA_LUCY:youtube,P_MAMA_LUCY,youtube,,PENDING,1,,
P_MAMA_LUCY:x,P_MAMA_LUCY,x,,PENDING,0,,
P_MAMA_LUCY:linkedin,P_MAMA_LUCY,linkedin,,PENDING,0,,
P_MAMEN_SAAVEDRA:facebook,P_MAMEN_SAAVEDRA,facebook,,PENDING,0,,
P_MAMEN_SAAVEDRA:instagram,P_MAMEN_SAAVEDRA,instagram,,PENDING,0,,
P_MAMEN_SAAVEDRA:tiktok,P_MAMEN_SAAVEDRA,tiktok,,PENDING,0,,
P_MAMEN_SAAVEDRA:youtube,P_MAMEN_SAAVEDRA,youtube,,PENDING,0,,
P_MAMEN_SAAVEDRA:x,P_MAMEN_SAAVEDRA,x,,PENDING,0,,
P_MAMEN_SAAVEDRA:linkedin,P_MAMEN_SAAVEDRA,linkedin,,PENDING,0,,
P_MANGUERITA:facebook,P_MANGUERITA,facebook,,PENDING,0,,
P_MANGUERITA:instagram,P_MANGUERITA,instagram,,PENDING,0,,
P_MANGUERITA:tiktok,P_MANGUERITA,tiktok,,PENDING,0,,
P_MANGUERITA:youtube,P_MANGUERITA,youtube,,PENDING,0,,
P_MANGUERITA:x,P_MANGUERITA,x,,PENDING,0,,
P_MANGUERITA:linkedin,P_MANGUERITA,linkedin,,PENDING,0,,
P_MARIA_LEYDI:facebook,P_MARIA_LEYDI,facebook,,PENDING,0,,
P_MARIA_LEYDI:instagram,P_MARIA_LEYDI,instagram,,PENDING,0,,
P_MARIA_LEYDI:tiktok,P_MARIA_LEYDI,tiktok,,PENDING,0,,
P_MARIA_LEYDI:youtube,P_MARIA_LEYDI,youtube,,PENDING,1,,
P_MARIA_LEYDI:x,P_MARIA_LEYDI,x,,PENDING,0,,
P_MARIA_LEYDI:linkedin,P_MARIA_LEYDI,linkedin,,PENDING,0,,
P_MICHELLE_ANDRADE:facebook,P_MICHELLE_ANDRADE,facebook,,PENDING,1,,
P_MICHELLE_ANDRADE:instagram,P_MICHELLE_ANDRADE,instagram,,PENDING,1,,
P_MICHELLE_ANDRADE:tiktok,P_MICHELLE_ANDRADE,tiktok,,PENDING,0,,
P_MICHELLE_ANDRADE:youtube,P_MICHELLE_ANDRADE,youtube,,PENDING,1,,
P_MICHELLE_ANDRADE:x,P_MICHELLE_ANDRADE,x,,PENDING,0,,
P_MICHELLE_ANDRADE:linkedin,P_MICHELLE_ANDRADE,linkedin,,PENDING,0,,
P_MILY_GONZALES:facebook,P_MILY_GONZALES,facebook,,PENDING,0,,
P_MILY_GONZALES:instagram,P_MILY_GONZALES,instagram,,PENDING,0,,
P_MILY_GONZALES:tiktok,P_MILY_GONZALES,tiktok,,PENDING,1,,
P_MILY_GONZALES:youtube,P_MILY_GONZALES,youtube,,PENDING,1,,
P_MILY_GONZALES:x,P_MILY_GONZALES,x,,PENDING,0,,
P_MILY_GONZALES:linkedin,P_MILY_GONZALES,linkedin,,PENDING,0,,
P_VICTOR_MONTOYA:facebook,P_VICTOR_MONTOYA,facebook,,PENDING,0,,
P_VICTOR_MONTOYA:instagram,P_VICTOR_MONTOYA,instagram,,PENDING,0,,
P_VICTOR_MONTOYA:tiktok,P_VICTOR_MONTOYA,tiktok,,PENDING,0,,
P_VICTOR_MONTOYA:youtube,P_VICTOR_MONTOYA,youtube,,PENDING,1,,
P_VICTOR_MONTOYA:x,P_VICTOR_MONTOYA,x,,PENDING,0,,
P_VICTOR_MONTOYA:linkedin,P_VICTOR_MONTOYA,linkedin,,PENDING,0,,
P_XIMENA_GALARZA:facebook,P_XIMENA_GALARZA,facebook,,PENDING,1,,
P_XIMENA_GALARZA:instagram,P_XIMENA_GALARZA,instagram,,PENDING,0,,
P_XIMENA_GALARZA:tiktok,P_XIMENA_GALARZA,tiktok,,PENDING,0,,
P_XIMENA_GALARZA:youtube,P_XIMENA_GALARZA,youtube,,PENDING,1,,
P_XIMENA_GALARZA:x,P_XIMENA_GALARZA,x,,PENDING,0,,
P_XIMENA_GALARZA:linkedin,P_XIMENA_GALARZA,linkedin,,PENDING,0,,
P_YARIT:facebook,P_YARIT,facebook,,PENDING,0,,
P_YARIT:instagram,P_YARIT,instagram,,PENDING,0,,
P_YARIT:tiktok,P_YARIT,tiktok,,PENDING,0,,
P_YARIT:youtube,P_YARIT,youtube,,PENDING,0,,
P_YARIT:x,P_YARIT,x,,PENDING,0,,
P_YARIT:linkedin,P_YARIT,linkedin,,PENDING,0,,
P_YOSSU_VALERIO:facebook,P_YOSSU_VALERIO,facebook,,PENDING,0,,
P_YOSSU_VALERIO:instagram,P_YOSSU_VALERIO,instagram,,PENDING,0,,
P_YOSSU_VALERIO:tiktok,P_YOSSU_VALERIO,tiktok,,PENDING,0,,
P_YOSSU_VALERIO:youtube,P_YOSSU_VALERIO,youtube,,PENDING,0,,
P_YOSSU_VALERIO:x,P_YOSSU_VALERIO,x,,PENDING,0,,
P_YOSSU_VALERIO:linkedin,P_YOSSU_VALERIO,linkedin,,PENDING,0,,
P_ADRIANA_SALVATIERRA:facebook,P_ADRIANA_SALVATIERRA,facebook,,PENDING,0,,
P_ADRIANA_SALVATIERRA:instagram,P_ADRIANA_SALVATIERRA,instagram,,PENDING,1,,
P_ADRIANA_SALVATIERRA:tiktok,P_ADRIANA_SALVATIERRA,tiktok,,PENDING,0,,
P_ADRIANA_SALVATIERRA:youtube,P_ADRIANA_SALVATIERRA,youtube,,PENDING,1,,
P_ADRIANA_SALVATIERRA:x,P_ADRIANA_SALVATIERRA,x,,PENDING,0,,
P_ADRIANA_SALVATIERRA:linkedin,P_ADRIANA_SALVATIERRA,linkedin,,PENDING,0,,
P_ALVARO_GARCIA_LINERA:facebook,P_ALVARO_GARCIA_LINERA,facebook,,PENDING,0,,
P_ALVARO_GARCIA_LINERA:instagram,P_ALVARO_GARCIA_LINERA,instagram,,PENDING,0,,
P_ALVARO_GARCIA_LINERA:tiktok,P_ALVARO_GARCIA_LINERA,tiktok,,PENDING,0,,
P_ALVARO_GARCIA_LINERA:youtube,P_ALVARO_GARCIA_LINERA,youtube,,PENDING,0,,
P_ALVARO_GARCIA_LINERA:x,P_ALVARO_GARCIA_LINERA,x,,PENDING,0,,
P_ALVARO_GARCIA_LINERA:linkedin,P_ALVARO_GARCIA_LINERA,linkedin,,PENDING,0,,
P_ANDRONICO_RODRIGUEZ:facebook,P_ANDRONICO_RODRIGUEZ,facebook,,PENDING,0,,
P_ANDRONICO_RODRIGUEZ:instagram,P_ANDRONICO_RODRIGUEZ,instagram,,PENDING,0,,
P_ANDRONICO_RODRIGUEZ:tiktok,P_ANDRONICO_RODRIGUEZ,tiktok,,PENDING,0,,
P_ANDRONICO_RODRIGUEZ:youtube,P_ANDRONICO_RODRIGUEZ,youtube,,PENDING,1,,
P_ANDRONICO_RODRIGUEZ:x,P_ANDRONICO_RODRIGUEZ,x,,PENDING,0,,
P_ANDRONICO_RODRIGUEZ:linkedin,P_ANDRONICO_RODRIGUEZ,linkedin,,PENDING,0,,
P_ANDRONICO_RODRIGUEZ_LEDEZMA:facebook,P_ANDRONICO_RODRIGUEZ_LEDEZMA,facebook,,PENDING,0,,
P_ANDRONICO_RODRIGUEZ_LEDEZMA:instagram,P_ANDRONICO_RODRIGUEZ_LEDEZMA,instagram,,PENDING,0,,
P_ANDRONICO_RODRIGUEZ_LEDEZMA:tiktok,P_ANDRONICO_RODRIGUEZ_LEDEZMA,tiktok,,PENDING,0,,
P_ANDRONICO_RODRIGUEZ_LEDEZMA:youtube,P_ANDRONICO_RODRIGUEZ_LEDEZMA,youtube,,PENDING,0,,
P_ANDRONICO_RODRIGUEZ_LEDEZMA:x,P_ANDRONICO_RODRIGUEZ_LEDEZMA,x,,PENDING,0,,
P_ANDRONICO_RODRIGUEZ_LEDEZMA:linkedin,P_ANDRONICO_RODRIGUEZ_LEDEZMA,linkedin,,PENDING,0,,
P_ANTONIO_VICTOR_ISAAC_SARAVIA_TAPIA:facebook,P_ANTONIO_VICTOR_ISAAC_SARAVIA_TAPIA,facebook,,PENDING,0,,
P_ANTONIO_VICTOR_ISAAC_SARAVIA_TAPIA:instagram,P_ANTONIO_VICTOR_ISAAC_SARAVIA_TAPIA,instagram,,PENDING,0,,
P_ANTONIO_VICTOR_ISAAC_SARAVIA_TAPIA:tiktok,P_ANTONIO_VICTOR_ISAAC_SARAVIA_TAPIA,tiktok,,PENDING,0,,
P_ANTONIO_VICTOR_ISAAC_SARAVIA_TAPIA:youtube,P_ANTONIO_VICTOR_ISAAC_SARAVIA_TAPIA,youtube,,PENDING,0,,
P_ANTONIO_VICTOR_ISAAC_SARAVIA_TAPIA:x,P_ANTONIO_VICTOR_ISAAC_SARAVIA_TAPIA,x,,PENDING,0,,
P_ANTONIO_VICTOR_ISAAC_SARAVIA_TAPIA:linkedin,P_ANTONIO_VICTOR_ISAAC_SARAVIA_TAPIA,linkedin,,PENDING,0,,
P_CARLOS_DEL_CASTILLO:facebook,P_CARLOS_DEL_CASTILLO,facebook,,PENDING,0,,
P_CARLOS_DEL_CASTILLO:instagram,P_CARLOS_DEL_CASTILLO,instagram,,PENDING,0,,
P_CARLOS_DEL_CASTILLO:tiktok,P_CARLOS_DEL_CASTILLO,tiktok,,PENDING,0,,
P_CARLOS_DEL_CASTILLO:youtube,P_CARLOS_DEL_CASTILLO,youtube,,PENDING,0,,
P_CARLOS_DEL_CASTILLO:x,P_CARLOS_DEL_CASTILLO,x,,PENDING,0,,
P_CARLOS_DEL_CASTILLO:linkedin,P_CARLOS_DEL_CASTILLO,linkedin,,PENDING,0,,
P_CARLOS_FERNANDO_BORJA:facebook,P_CARLOS_FERNANDO_BORJA,facebook,,PENDING,0,,
P_CARLOS_FERNANDO_BORJA:instagram,P_CARLOS_FERNANDO_BORJA,instagram,,PENDING,0,,
P_CARLOS_FERNANDO_BORJA:tiktok,P_CARLOS_FERNANDO_BORJA,tiktok,,PENDING,0,,
P_CARLOS_FERNANDO_BORJA:youtube,P_CARLOS_FERNANDO_BORJA,youtube,,PENDING,0,,
P_CARLOS_FERNANDO_BORJA:x,P_CARLOS_FERNANDO_BORJA,x,,PENDING,0,,
P_CARLOS_FERNANDO_BORJA:linkedin,P_CARLOS_FERNANDO_BORJA,linkedin,,PENDING,0,,
P_CARLOS_MESA:facebook,P_CARLOS_MESA,facebook,,PENDING,1,,
P_CARLOS_MESA:instagram,P_CARLOS_MESA,instagram,,PENDING,1,,
P_CARLOS_MESA:tiktok,P_CARLOS_MESA,tiktok,,PENDING,0,,
P_CARLOS_MESA:youtube,P_CARLOS_MESA,youtube,,PENDING,0,,
P_CARLOS_MESA:x,P_CARLOS_MESA,x,,PENDING,0,,
P_CARLOS_MESA:linkedin,P_CARLOS_MESA,linkedin,,PENDING,0,,
P_CASIMIRA_RODRIGUEZ:facebook,P_CASIMIRA_RODRIGUEZ,facebook,,PENDING,0,,
P_CASIMIRA_RODRIGUEZ:instagram,P_CASIMIRA_RODRIGUEZ,instagram,,PENDING,0,,
P_CASIMIRA_RODRIGUEZ:tiktok,P_CASIMIRA_RODRIGUEZ,tiktok,,PENDING,0,,
P_CASIMIRA_RODRIGUEZ:youtube,P_CASIMIRA_RODRIGUEZ,youtube,,PENDING,0,,
P_CASIMIRA_RODRIGUEZ:x,P_CASIMIRA_RODRIGUEZ,x,,PENDING,0,,
P_CASIMIRA_RODRIGUEZ:linkedin,P_CASIMIRA_RODRIGUEZ,linkedin,,PENDING,0,,
P_CHI_HYUN_CHUNG:facebook,P_CHI_HYUN_CHUNG,facebook,,PENDING,0,,
P_CHI_HYUN_CHUNG:instagram,P_CHI_HYUN_CHUNG,instagram,,PENDING,0,,
P_CHI_HYUN_CHUNG:tiktok,P_CHI_HYUN_CHUNG,tiktok,,PENDING,0,,
P_CHI_HYUN_CHUNG:youtube,P_CHI_HYUN_CHUNG,youtube,,PENDING,1,,
P_CHI_HYUN_CHUNG:x,P_CHI_HYUN_CHUNG,x,,PENDING,0,,
P_CHI_HYUN_CHUNG:linkedin,P_CHI_HYUN_CHUNG,linkedin,,PENDING,0,,
P_CLARA_ANT:facebook,P_CLARA_ANT,facebook,,PENDING,1,,
P_CLARA_ANT:instagram,P_CLARA_ANT,instagram,,PENDING,0,,
P_CLARA_ANT:tiktok,P_CLARA_ANT,tiktok,,PENDING,0,,
P_CLARA_ANT:youtube,P_CLARA_ANT,youtube,,PENDING,1,,
P_CLARA_ANT:x,P_CLARA_ANT,x,,PENDING,0,,
P_CLARA_ANT:linkedin,P_CLARA_ANT,linkedin,,PENDING,0,,
P_DAVID_CHOQUEHUANCA:facebook,P_DAVID_CHOQUEHUANCA,facebook,,PENDING,0,,
P_DAVID_CHOQUEHUANCA:instagram,P_DAVID_CHOQUEHUANCA,instagram,,PENDING,0,,
P_DAVID_CHOQUEHUANCA:tiktok,P_DAVID_CHOQUEHUANCA,tiktok,,PENDING,0,,
P_DAVID_CHOQUEHUANCA:youtube,P_DAVID_CHOQUEHUANCA,youtube,,PENDING,0,,
P_DAVID_CHOQUEHUANCA:x,P_DAVID_CHOQUEHUANCA,x,,PENDING,0,,
P_DAVID_CHOQUEHUANCA:linkedin,P_DAVID_CHOQUEHUANCA,linkedin,,PENDING,0,,
P_EDGAR_URIONA_VEIZAGA:facebook,P_EDGAR_URIONA_VEIZAGA,facebook,,PENDING,0,,
P_EDGAR_URIONA_VEIZAGA:instagram,P_EDGAR_URIONA_VEIZAGA,instagram,,PENDING,0,,
P_EDGAR_URIONA_VEIZAGA:tiktok,P_EDGAR_URIONA_VEIZAGA,tiktok,,PENDING,0,,
P_EDGAR_URIONA_VEIZAGA:youtube,P_EDGAR_URIONA_VEIZAGA,youtube,,PENDING,0,,
P_EDGAR_URIONA_VEIZAGA:x,P_EDGAR_URIONA_VEIZAGA,x,,PENDING,0,,
P_EDGAR_URIONA_VEIZAGA:linkedin,P_EDGAR_URIONA_VEIZAGA,linkedin,,PENDING,0,,
P_EDMAND_LARA:facebook,P_EDMAND_LARA,facebook,,PENDING,0,,
P_EDMAND_LARA:instagram,P_EDMAND_LARA,instagram,,PENDING,0,,
P_EDMAND_LARA:tiktok,P_EDMAND_LARA,tiktok,,PENDING,0,,
P_EDMAND_LARA:youtube,P_EDMAND_LARA,youtube,,PENDING,0,,
P_EDMAND_LARA:x,P_EDMAND_LARA,x,,PENDING,0,,
P_EDMAND_LARA:linkedin,P_EDMAND_LARA,linkedin,,PENDING,0,,
P_EDUARDO_RODRIGUEZ_VELTZE:facebook,P_EDUARDO_RODRIGUEZ_VELTZE,facebook,,PENDING,0,,
P_EDUARDO_RODRIGUEZ_VELTZE:instagram,P_EDUARDO_RODRIGUEZ_VELTZE,instagram,,PENDING,0,,
P_EDUARDO_RODRIGUEZ_VELTZE:tiktok,P_EDUARDO_RODRIGUEZ_VELTZE,tiktok,,PENDING,0,,
P_EDUARDO_RODRIGUEZ_VELTZE:youtube,P_EDUARDO_RODRIGUEZ_VELTZE,youtube,,PENDING,0,,
P_EDUARDO_RODRIGUEZ_VELTZE:x,P_EDUARDO_RODRIGUEZ_VELTZE,x,,PENDING,0,,
P_EDUARDO_RODRIGUEZ_VELTZE:linkedin,P_EDUARDO_RODRIGUEZ_VELTZE,linkedin,,PENDING,0,,
P_ESTEBAN_MILAN_BERNA_RAMOS:facebook,P_ESTEBAN_MILAN_BERNA_RAMOS,facebook,,PENDING,0,,
P_ESTEBAN_MILAN_BERNA_RAMOS:instagram,P_ESTEBAN_MILAN_BERNA_RAMOS,instagram,,PENDING,0,,
P_ESTEBAN_MILAN_BERNA_RAMOS:tiktok,P_ESTEBAN_MILAN_BERNA_RAMOS,tiktok,,PENDING,0,,
P_ESTEBAN_MILAN_BERNA_RAMOS:youtube,P_ESTEBAN_MILAN_BERNA_RAMOS,youtube,,PENDING,0,,
P_ESTEBAN_MILAN_BERNA_RAMOS:x,P_ESTEBAN_MILAN_BERNA_RAMOS,x,,PENDING,0,,
P_ESTEBAN_MILAN_BERNA_RAMOS:linkedin,P_ESTEBAN_MILAN_BERNA_RAMOS,linkedin,,PENDING,0,,
P_EVA_COPA:facebook,P_EVA_COPA,facebook,,PENDING,0,,
P_EVA_COPA:instagram,P_EVA_COPA,instagram,,PENDING,0,,
P_EVA_COPA:tiktok,P_EVA_COPA,tiktok,,PENDING,0,,
P_EVA_COPA:youtube,P_EVA_COPA,youtube,,PENDING,1,,
P_EVA_COPA:x,P_EVA_COPA,x,,PENDING,0,,
P_EVA_COPA:linkedin,P_EVA_COPA,linkedin,,PENDING,0,,
P_EVO_MORALES:facebook,P_EVO_MORALES,facebook,,PENDING,1,,
P_EVO_MORALES:instagram,P_EVO_MORALES,instagram,,PENDING,1,,
P_EVO_MORALES:tiktok,P_EVO_MORALES,tiktok,,PENDING,0,,
P_EVO_MORALES:youtube,P_EVO_MORALES,youtube,,PENDING,1,,
P_EVO_MORALES:x,P_EVO_MORALES,x,,PENDING,0,,
P_EVO_MORALES:linkedin,P_EVO_MORALES,linkedin,,PENDING,0,,
P_FERNANDO_HUANACUNI_MAMANI:facebook,P_FERNANDO_HUANACUNI_MAMANI,facebook,,PENDING,0,,
P_FERNANDO_HUANACUNI_MAMANI:instagram,P_FERNANDO_HUANACUNI_MAMANI,instagram,,PENDING,0,,
P_FERNANDO_HUANACUNI_MAMANI:tiktok,P_FERNANDO_HUANACUNI_MAMANI,tiktok,,PENDING,0,,
P_FERNANDO_HUANACUNI_MAMANI:youtube,P_FERNANDO_HUANACUNI_MAMANI,youtube,,PENDING,0,,
P_FERNANDO_HUANACUNI_MAMANI:x,P_FERNANDO_HUANACUNI_MAMANI,x,,PENDING,0,,
P_FERNANDO_HUANACUNI_MAMANI:linkedin,P_FERNANDO_HUANACUNI_MAMANI,linkedin,,PENDING,0,,
P_FIDEL_TAPIA_ZAMBRANA:facebook,P_FIDEL_TAPIA_ZAMBRANA,facebook,,PENDING,0,,
P_FIDEL_TAPIA_ZAMBRANA:instagram,P_FIDEL_TAPIA_ZAMBRANA,instagram,,PENDING,0,,
P_FIDEL_TAPIA_ZAMBRANA:tiktok,P_FIDEL_TAPIA_ZAMBRANA,tiktok,,PENDING,0,,
P_FIDEL_TAPIA_ZAMBRANA:youtube,P_FIDEL_TAPIA_ZAMBRANA,youtube,,PENDING,0,,
P_FIDEL_TAPIA_ZAMBRANA:x,P_FIDEL_TAPIA_ZAMBRANA,x,,PENDING,0,,
P_FIDEL_TAPIA_ZAMBRANA:linkedin,P_FIDEL_TAPIA_ZAMBRANA,linkedin,,PENDING,0,,
P_GABRIELA_MONTANO:facebook,P_GABRIELA_MONTANO,facebook,,PENDING,0,,
P_GABRIELA_MONTANO:instagram,P_GABRIELA_MONTANO,instagram,,PENDING,0,,
P_GABRIELA_MONTANO:tiktok,P_GABRIELA_MONTANO,tiktok,,PENDING,0,,
P_GABRIELA_MONTANO:youtube,P_GABRIELA_MONTANO,youtube,,PENDING,0,,
P_GABRIELA_MONTANO:x,P_GABRIELA_MONTANO,x,,PENDING,0,,
P_GABRIELA_MONTANO:linkedin,P_GABRIELA_MONTANO,linkedin,,PENDING,0,,
P_GONZALO_SANCHEZ_DE_LOZADA:facebook,P_GONZALO_SANCHEZ_DE_LOZADA,facebook,,PENDING,0,,
P_GONZALO_SANCHEZ_DE_LOZADA:instagram,P_GONZALO_SANCHEZ_DE_LOZADA,instagram,,PENDING,0,,
P_GONZALO_SANCHEZ_DE_LOZADA:tiktok,P_GONZALO_SANCHEZ_DE_LOZADA,tiktok,,PENDING,0,,
P_GONZALO_SANCHEZ_DE_LOZADA:youtube,P_GONZALO_SANCHEZ_DE_LOZADA,youtube,,PENDING,1,,
P_GONZALO_SANCHEZ_DE_LOZADA:x,P_GONZALO_SANCHEZ_DE_LOZADA,x,,PENDING,0,,
P_GONZALO_SANCHEZ_DE_LOZADA:linkedin,P_GONZALO_SANCHEZ_DE_LOZADA,linkedin,,PENDING,0,,
P_GUIDO_VILDOSO_CALDERON:facebook,P_GUIDO_VILDOSO_CALDERON,facebook,,PENDING,0,,
P_GUIDO_VILDOSO_CALDERON:instagram,P_GUIDO_VILDOSO_CALDERON,instagram,,PENDING,0,,
P_GUIDO_VILDOSO_CALDERON:tiktok,P_GUIDO_VILDOSO_CALDERON,tiktok,,PENDING,0,,
P_GUIDO_VILDOSO_CALDERON:youtube,P_GUIDO_VILDOSO_CALDERON,youtube,,PENDING,0,,
P_GUIDO_VILDOSO_CALDERON:x,P_GUIDO_VILDOSO_CALDERON,x,,PENDING,0,,
P_GUIDO_VILDOSO_CALDERON:linkedin,P_GUIDO_VILDOSO_CALDERON,linkedin,,PENDING,0,,
P_JAIME_PAZ_ZAMORA:facebook,P_JAIME_PAZ_ZAMORA,facebook,,PENDING,0,,
P_JAIME_PAZ_ZAMORA:instagram,P_JAIME_PAZ_ZAMORA,instagram,,PENDING,0,,
P_JAIME_PAZ_ZAMORA:tiktok,P_JAIME_PAZ_ZAMORA,tiktok,,PENDING,0,,
P_JAIME_PAZ_ZAMORA:youtube,P_JAIME_PAZ_ZAMORA,youtube,,PENDING,0,,
P_JAIME_PAZ_ZAMORA:x,P_JAIME_PAZ_ZAMORA,x,,PENDING,0,,
P_JAIME_PAZ_ZAMORA:linkedin,P_JAIME_PAZ_ZAMORA,linkedin,,PENDING,0,,
P_JEANINE_ANEZ:facebook,P_JEANINE_ANEZ,facebook,,PENDING,1,,
P_JEANINE_ANEZ:instagram,P_JEANINE_ANEZ,instagram,,PENDING,1,,
P_JEANINE_ANEZ:tiktok,P_JEANINE_ANEZ,tiktok,,PENDING,0,,
P_JEANINE_ANEZ:youtube,P_JEANINE_ANEZ,youtube,,PENDING,0,,
P_JEANINE_ANEZ:x,P_JEANINE_ANEZ,x,,PENDING,0,,
P_JEANINE_ANEZ:linkedin,P_JEANINE_ANEZ,linkedin,,PENDING,0,,
P_JESSICA_JORDAN:facebook,P_JESSICA_JORDAN,facebook,,PENDING,0,,
P_JESSICA_JORDAN:instagram,P_JESSICA_JORDAN,instagram,,PENDING,0,,
P_JESSICA_JORDAN:tiktok,P_JESSICA_JORDAN,tiktok,,PENDING,0,,
P_JESSICA_JORDAN:youtube,P_JESSICA_JORDAN,youtube,,PENDING,1,,
P_JESSICA_JORDAN:x,P_JESSICA_JORDAN,x,,PENDING,0,,
P_JESSICA_JORDAN:linkedin,P_JESSICA_JORDAN,linkedin,,PENDING,0,,
P_JORGE_GUILLERMO_RICHTER_RAMIREZ:facebook,P_JORGE_GUILLERMO_RICHTER_RAMIREZ,facebook,,PENDING,0,,
P_JORGE_GUILLERMO_RICHTER_RAMIREZ:instagram,P_JORGE_GUILLERMO_RICHTER_RAMIREZ,instagram,,PENDING,0,,
P_JORGE_GUILLERMO_RICHTER_RAMIREZ:tiktok,P_JORGE_GUILLERMO_RICHTER_RAMIREZ,tiktok,,PENDING,0,,
P_JORGE_GUILLERMO_RICHTER_RAMIREZ:youtube,P_JORGE_GUILLERMO_RICHTER_RAMIREZ,youtube,,PENDING,0,,
P_JORGE_GUILLERMO_RICHTER_RAMIREZ:x,P_JORGE_GUILLERMO_RICHTER_RAMIREZ,x,,PENDING,0,,
P_JORGE_GUILLERMO_RICHTER_RAMIREZ:linkedin,P_JORGE_GUILLERMO_RICHTER_RAMIREZ,linkedin,,PENDING,0,,
P_JORGE_QUIROGA_RAMIREZ:facebook,P_JORGE_QUIROGA_RAMIREZ,facebook,,PENDING,1,,
P_JORGE_QUIROGA_RAMIREZ:instagram,P_JORGE_QUIROGA_RAMIREZ,instagram,,PENDING,0,,
P_JORGE_QUIROGA_RAMIREZ:tiktok,P_JORGE_QUIROGA_RAMIREZ,tiktok,,PENDING,0,,
P_JORGE_QUIROGA_RAMIREZ:youtube,P_JORGE_QUIROGA_RAMIREZ,youtube,,PENDING,0,,
P_JORGE_QUIROGA_RAMIREZ:x,P_JORGE_QUIROGA_RAMIREZ,x,,PENDING,0,,
P_JORGE_QUIROGA_RAMIREZ:linkedin,P_JORGE_QUIROGA_RAMIREZ,linkedin,,PENDING,0,,
P_JOSE_LUIS_LUPO_FLORES:facebook,P_JOSE_LUIS_LUPO_FLORES,facebook,,PENDING,0,,
P_JOSE_LUIS_LUPO_FLORES:instagram,P_JOSE_LUIS_LUPO_FLORES,instagram,,PENDING,0,,
P_JOSE_LUIS_LUPO_FLORES:tiktok,P_JOSE_LUIS_LUPO_FLORES,tiktok,,PENDING,0,,
P_JOSE_LUIS_LUPO_FLORES:youtube,P_JOSE_LUIS_LUPO_FLORES,youtube,,PENDING,0,,
P_JOSE_LUIS_LUPO_FLORES:x,P_JOSE_LUIS_LUPO_FLORES,x,,PENDING,0,,
P_JOSE_LUIS_LUPO_FLORES:linkedin,P_JOSE_LUIS_LUPO_FLORES,linkedin,,PENDING,0,,
P_JOSE_MILTON_MELGAR:facebook,P_JOSE_MILTON_MELGAR,facebook,,PENDING,0,,
P_JOSE_MILTON_MELGAR:instagram,P_JOSE_MILTON_MELGAR,instagram,,PENDING,0,,
P_JOSE_MILTON_MELGAR:tiktok,P_JOSE_MILTON_MELGAR,tiktok,,PENDING,0,,
P_JOSE_MILTON_MELGAR:youtube,P_JOSE_MILTON_MELGAR,youtube,,PENDING,0,,
P_JOSE_MILTON_MELGAR:x,P_JOSE_MILTON_MELGAR,x,,PENDING,0,,
P_JOSE_MILTON_MELGAR:linkedin,P_JOSE_MILTON_MELGAR,linkedin,,PENDING,0,,
P_JUAN_CARLOS_MEDRANO_GONZALES:facebook,P_JUAN_CARLOS_MEDRANO_GONZALES,facebook,,PENDING,0,,
P_JUAN_CARLOS_MEDRANO_GONZALES:instagram,P_JUAN_CARLOS_MEDRANO_GONZALES,instagram,,PENDING,0,,
P_JUAN_CARLOS_MEDRANO_GONZALES:tiktok,P_JUAN_CARLOS_MEDRANO_GONZALES,tiktok,,PENDING,0,,
P_JUAN_CARLOS_MEDRANO_GONZALES:youtube,P_JUAN_CARLOS_MEDRANO_GONZALES,youtube,,PENDING,0,,
P_JUAN_CARLOS_MEDRANO_GONZALES:x,P_JUAN_CARLOS_MEDRANO_GONZALES,x,,PENDING,0,,
P_JUAN_CARLOS_MEDRANO_GONZALES:linkedin,P_JUAN_CARLOS_MEDRANO_GONZALES,linkedin,,PENDING,0,,
P_JUAN_DEL_GRANADO:facebook,P_JUAN_DEL_GRANADO,facebook,,PENDING,0,,
P_JUAN_DEL_GRANADO:instagram,P_JUAN_DEL_GRANADO,instagram,,PENDING,0,,
P_JUAN_DEL_GRANADO:tiktok,P_JUAN_DEL_GRANADO,tiktok,,PENDING,0,,
P_JUAN_DEL_GRANADO:youtube,P_JUAN_DEL_GRANADO,youtube,,PENDING,0,,
P_JUAN_DEL_GRANADO:x,P_JUAN_DEL_GRANADO,x,,PENDING,0,,
P_JUAN_DEL_GRANADO:linkedin,P_JUAN_DEL_GRANADO,linkedin,,PENDING,0,,
P_JUAN_PABLO_VELASCO_DALENCE:facebook,P_JUAN_PABLO_VELASCO_DALENCE,facebook,,PENDING,0,,
P_JUAN_PABLO_VELASCO_DALENCE:instagram,P_JUAN_PABLO_VELASCO_DALENCE,instagram,,PENDING,0,,
P_JUAN_PABLO_VELASCO_DALENCE:tiktok,P_JUAN_PABLO_VELASCO_DALENCE,tiktok,,PENDING,0,,
P_JUAN_PABLO_VELASCO_DALENCE:youtube,P_JUAN_PABLO_VELASCO_DALENCE,youtube,,PENDING,0,,
P_JUAN_PABLO_VELASCO_DALENCE:x,P_JUAN_PABLO_VELASCO_DALENCE,x,,PENDING,0,,
P_JUAN_PABLO_VELASCO_DALENCE:linkedin,P_JUAN_PABLO_VELASCO_DALENCE,linkedin,,PENDING,0,,
P_JULIO_PINEDO:facebook,P_JULIO_PINEDO,facebook,,PENDING,0,,
P_JULIO_PINEDO:instagram,P_JULIO_PINEDO,instagram,,PENDING,0,,
P_JULIO_PINEDO:tiktok,P_JULIO_PINEDO,tiktok,,PENDING,0,,
P_JULIO_PINEDO:youtube,P_JULIO_PINEDO,youtube,,PENDING,0,,
P_JULIO_PINEDO:x,P_JULIO_PINEDO,x,,PENDING,0,,
P_JULIO_PINEDO:linkedin,P_JULIO_PINEDO,linkedin,,PENDING,0,,
P_LUIS_ARCE:facebook,P_LUIS_ARCE,facebook,,PENDING,0,,
P_LUIS_ARCE:instagram,P_LUIS_ARCE,instagram,,PENDING,0,,
P_LUIS_ARCE:tiktok,P_LUIS_ARCE,tiktok,,PENDING,0,,
P_LUIS_ARCE:youtube,P_LUIS_ARCE,youtube,,PENDING,0,,
P_LUIS_ARCE:x,P_LUIS_ARCE,x,,PENDING,0,,
P_LUIS_ARCE:linkedin,P_LUIS_ARCE,linkedin,,PENDING,0,,
P_LUIS_FERNANDO_CAMACHO:facebook,P_LUIS_FERNANDO_CAMACHO,facebook,,PENDING,0,,
P_LUIS_FERNANDO_CAMACHO:instagram,P_LUIS_FERNANDO_CAMACHO,instagram,,PENDING,0,,
P_LUIS_FERNANDO_CAMACHO:tiktok,P_LUIS_FERNANDO_CAMACHO,tiktok,,PENDING,0,,
P_LUIS_FERNANDO_CAMACHO:youtube,P_LUIS_FERNANDO_CAMACHO,youtube,,PENDING,0,,
P_LUIS_FERNANDO_CAMACHO:x,P_LUIS_FERNANDO_CAMACHO,x,,PENDING,0,,
P_LUIS_FERNANDO_CAMACHO:linkedin,P_LUIS_FERNANDO_CAMACHO,linkedin,,PENDING,0,,
P_LUIS_GATTY_RIBEIRO:facebook,P_LUIS_GATTY_RIBEIRO,facebook,,PENDING,0,,
P_LUIS_GATTY_RIBEIRO:instagram,P_LUIS_GATTY_RIBEIRO,instagram,,PENDING,0,,
P_LUIS_GATTY_RIBEIRO:tiktok,P_LUIS_GATTY_RIBEIRO,tiktok,,PENDING,0,,
P_LUIS_GATTY_RIBEIRO:youtube,P_LUIS_GATTY_RIBEIRO,youtube,,PENDING,0,,
P_LUIS_GATTY_RIBEIRO:x,P_LUIS_GATTY_RIBEIRO,x,,PENDING,0,,
P_LUIS_GATTY_RIBEIRO:linkedin,P_LUIS_GATTY_RIBEIRO,linkedin,,PENDING,0,,
P_MANFRED_REYES_VILLA:facebook,P_MANFRED_REYES_VILLA,facebook,,PENDING,0,,
P_MANFRED_REYES_VILLA:instagram,P_MANFRED_REYES_VILLA,instagram,,PENDING,0,,
P_MANFRED_REYES_VILLA:tiktok,P_MANFRED_REYES_VILLA,tiktok,,PENDING,0,,
P_MANFRED_REYES_VILLA:youtube,P_MANFRED_REYES_VILLA,youtube,,PENDING,1,,
P_MANFRED_REYES_VILLA:x,P_MANFRED_REYES_VILLA,x,,PENDING,0,,
P_MANFRED_REYES_VILLA:linkedin,P_MANFRED_REYES_VILLA,linkedin,,PENDING,0,,
P_MARIA_LUISA_RAMOS_URZAGASTE:facebook,P_MARIA_LUISA_RAMOS_URZAGASTE,facebook,,PENDING,0,,
P_MARIA_LUISA_RAMOS_URZAGASTE:instagram,P_MARIA_LUISA_RAMOS_URZAGASTE,instagram,,PENDING,0,,
P_MARIA_LUISA_RAMOS_URZAGASTE:tiktok,P_MARIA_LUISA_RAMOS_URZAGASTE,tiktok,,PENDING,0,,
P_MARIA_LUISA_RAMOS_URZAGASTE:youtube,P_MARIA_LUISA_RAMOS_URZAGASTE,youtube,,PENDING,0,,
P_MARIA_LUISA_RAMOS_URZAGASTE:x,P_MARIA_LUISA_RAMOS_URZAGASTE,x,,PENDING,0,,
P_MARIA_LUISA_RAMOS_URZAGASTE:linkedin,P_MARIA_LUISA_RAMOS_URZAGASTE,linkedin,,PENDING,0,,
P_MARIA_NELA_PRADA:facebook,P_MARIA_NELA_PRADA,facebook,,PENDING,0,,
P_MARIA_NELA_PRADA:instagram,P_MARIA_NELA_PRADA,instagram,,PENDING,0,,
P_MARIA_NELA_PRADA:tiktok,P_MARIA_NELA_PRADA,tiktok,,PENDING,0,,
P_MARIA_NELA_PRADA:youtube,P_MARIA_NELA_PRADA,youtube,,PENDING,0,,
P_MARIA_NELA_PRADA:x,P_MARIA_NELA_PRADA,x,,PENDING,0,,
P_MARIA_NELA_PRADA:linkedin,P_MARIA_NELA_PRADA,linkedin,,PENDING,0,,
P_MARIANA_PRADO_NOYA:facebook,P_MARIANA_PRADO_NOYA,facebook,,PENDING,0,,
P_MARIANA_PRADO_NOYA:instagram,P_MARIANA_PRADO_NOYA,instagram,,PENDING,0,,
P_MARIANA_PRADO_NOYA:tiktok,P_MARIANA_PRADO_NOYA,tiktok,,PENDING,0,,
P_MARIANA_PRADO_NOYA:youtube,P_MARIANA_PRADO_NOYA,youtube,,PENDING,0,,
P_MARIANA_PRADO_NOYA:x,P_MARIANA_PRADO_NOYA,x,,PENDING,0,,
P_MARIANA_PRADO_NOYA:linkedin,P_MARIANA_PRADO_NOYA,linkedin,,PENDING,0,,
P_MARIANELA_PACO:facebook,P_MARIANELA_PACO,facebook,,PENDING,0,,
P_MARIANELA_PACO:instagram,P_MARIANELA_PACO,instagram,,PENDING,0,,
P_MARIANELA_PACO:tiktok,P_MARIANELA_PACO,tiktok,,PENDING,0,,
P_MARIANELA_PACO:youtube,P_MARIANELA_PACO,youtube,,PENDING,0,,
P_MARIANELA_PACO:x,P_MARIANELA_PACO,x,,PENDING,0,,
P_MARIANELA_PACO:linkedin,P_MARIANELA_PACO,linkedin,,PENDING,0,,
P_MARTHA_YUJRA:facebook,P_MARTHA_YUJRA,facebook,,PENDING,0,,
P_MARTHA_YUJRA:instagram,P_MARTHA_YUJRA,instagram,,PENDING,0,,
P_MARTHA_YUJRA:tiktok,P_MARTHA_YUJRA,tiktok,,PENDING,0,,
P_MARTHA_YUJRA:youtube,P_MARTHA_YUJRA,youtube,,PENDING,0,,
P_MARTHA_YUJRA:x,P_MARTHA_YUJRA,x,,PENDING,0,,
P_MARTHA_YUJRA:linkedin,P_MARTHA_YUJRA,linkedin,,PENDING,0,,
P_MAX_JHONNY_FERNANDEZ_SAUCEDO:facebook,P_MAX_JHONNY_FERNANDEZ_SAUCEDO,facebook,,PENDING,0,,
P_MAX_JHONNY_FERNANDEZ_SAUCEDO:instagram,P_MAX_JHONNY_FERNANDEZ_SAUCEDO,instagram,,PENDING,0,,
P_MAX_JHONNY_FERNANDEZ_SAUCEDO:tiktok,P_MAX_JHONNY_FERNANDEZ_SAUCEDO,tiktok,,PENDING,0,,
P_MAX_JHONNY_FERNANDEZ_SAUCEDO:youtube,P_MAX_JHONNY_FERNANDEZ_SAUCEDO,youtube,,PENDING,0,,
P_MAX_JHONNY_FERNANDEZ_SAUCEDO:x,P_MAX_JHONNY_FERNANDEZ_SAUCEDO,x,,PENDING,0,,
P_MAX_JHONNY_FERNANDEZ_SAUCEDO:linkedin,P_MAX_JHONNY_FERNANDEZ_SAUCEDO,linkedin,,PENDING,0,,
P_MAXIMA_APAZA:facebook,P_MAXIMA_APAZA,facebook,,PENDING,0,,
P_MAXIMA_APAZA:instagram,P_MAXIMA_APAZA,instagram,,PENDING,0,,
P_MAXIMA_APAZA:tiktok,P_MAXIMA_APAZA,tiktok,,PENDING,0,,
P_MAXIMA_APAZA:youtube,P_MAXIMA_APAZA,youtube,,PENDING,0,,
P_MAXIMA_APAZA:x,P_MAXIMA_APAZA,x,,PENDING,0,,
P_MAXIMA_APAZA:linkedin,P_MAXIMA_APAZA,linkedin,,PENDING,0,,
P_NILA_HEREDIA:facebook,P_NILA_HEREDIA,facebook,,PENDING,0,,
P_NILA_HEREDIA:instagram,P_NILA_HEREDIA,instagram,,PENDING,0,,
P_NILA_HEREDIA:tiktok,P_NILA_HEREDIA,tiktok,,PENDING,0,,
P_NILA_HEREDIA:youtube,P_NILA_HEREDIA,youtube,,PENDING,0,,
P_NILA_HEREDIA:x,P_NILA_HEREDIA,x,,PENDING,0,,
P_NILA_HEREDIA:linkedin,P_NILA_HEREDIA,linkedin,,PENDING,0,,
P_PABLO_SOLON_ROMERO:facebook,P_PABLO_SOLON_ROMERO,facebook,,PENDING,0,,
P_PABLO_SOLON_ROMERO:instagram,P_PABLO_SOLON_ROMERO,instagram,,PENDING,0,,
P_PABLO_SOLON_ROMERO:tiktok,P_PABLO_SOLON_ROMERO,tiktok,,PENDING,0,,
P_PABLO_SOLON_ROMERO:youtube,P_PABLO_SOLON_ROMERO,youtube,,PENDING,0,,
P_PABLO_SOLON_ROMERO:x,P_PABLO_SOLON_ROMERO,x,,PENDING,0,,
P_PABLO_SOLON_ROMERO:linkedin,P_PABLO_SOLON_ROMERO,linkedin,,PENDING,0,,
P_RENE_BLATTMANN:facebook,P_RENE_BLATTMANN,facebook,,PENDING,0,,
P_RENE_BLATTMANN:instagram,P_RENE_BLATTMANN,instagram,,PENDING,0,,
P_RENE_BLATTMANN:tiktok,P_RENE_BLATTMANN,tiktok,,PENDING,0,,
P_RENE_BLATTMANN:youtube,P_RENE_BLATTMANN,youtube,,PENDING,0,,
P_RENE_BLATTMANN:x,P_RENE_BLATTMANN,x,,PENDING,0,,
P_RENE_BLATTMANN:linkedin,P_RENE_BLATTMANN,linkedin,,PENDING,0,,
P_RODRIGO_PAZ_PEREIRA:facebook,P_RODRIGO_PAZ_PEREIRA,facebook,,PENDING,0,,
P_RODRIGO_PAZ_PEREIRA:instagram,P_RODRIGO_PAZ_PEREIRA,instagram,,PENDING,1,,
P_RODRIGO_PAZ_PEREIRA:tiktok,P_RODRIGO_PAZ_PEREIRA,tiktok,,PENDING,0,,
P_RODRIGO_PAZ_PEREIRA:youtube,P_RODRIGO_PAZ_PEREIRA,youtube,,PENDING,1,,
P_RODRIGO_PAZ_PEREIRA:x,P_RODRIGO_PAZ_PEREIRA,x,,PENDING,0,,
P_RODRIGO_PAZ_PEREIRA:linkedin,P_RODRIGO_PAZ_PEREIRA,linkedin,,PENDING,0,,
P_ROSA_JULIETA_MONTANO_SALVATIERRA:facebook,P_ROSA_JULIETA_MONTANO_SALVATIERRA,facebook,,PENDING,0,,
P_ROSA_JULIETA_MONTANO_SALVATIERRA:instagram,P_ROSA_JULIETA_MONTANO_SALVATIERRA,instagram,,PENDING,0,,
P_ROSA_JULIETA_MONTANO_SALVATIERRA:tiktok,P_ROSA_JULIETA_MONTANO_SALVATIERRA,tiktok,,PENDING,0,,
P_ROSA_JULIETA_MONTANO_SALVATIERRA:youtube,P_ROSA_JULIETA_MONTANO_SALVATIERRA,youtube,,PENDING,0,,
P_ROSA_JULIETA_MONTANO_SALVATIERRA:x,P_ROSA_JULIETA_MONTANO_SALVATIERRA,x,,PENDING,0,,
P_ROSA_JULIETA_MONTANO_SALVATIERRA:linkedin,P_ROSA_JULIETA_MONTANO_SALVATIERRA,linkedin,,PENDING,0,,
P_SABINA_ORELLANA:facebook,P_SABINA_ORELLANA,facebook,,PENDING,0,,
P_SABINA_ORELLANA:instagram,P_SABINA_ORELLANA,instagram,,PENDING,0,,
P_SABINA_ORELLANA:tiktok,P_SABINA_ORELLANA,tiktok,,PENDING,0,,
P_SABINA_ORELLANA:youtube,P_SABINA_ORELLANA,youtube,,PENDING,0,,
P_SABINA_ORELLANA:x,P_SABINA_ORELLANA,x,,PENDING,0,,
P_SABINA_ORELLANA:linkedin,P_SABINA_ORELLANA,linkedin,,PENDING,0,,
P_SAMUEL_DORIA_MEDINA:facebook,P_SAMUEL_DORIA_MEDINA,facebook,,PENDING,0,,
P_SAMUEL_DORIA_MEDINA:instagram,P_SAMUEL_DORIA_MEDINA,instagram,,PENDING,0,,
P_SAMUEL_DORIA_MEDINA:tiktok,P_SAMUEL_DORIA_MEDINA,tiktok,,PENDING,0,,
P_SAMUEL_DORIA_MEDINA:youtube,P_SAMUEL_DORIA_MEDINA,youtube,,PENDING,1,,
P_SAMUEL_DORIA_MEDINA:x,P_SAMUEL_DORIA_MEDINA,x,,PENDING,0,,
P_SAMUEL_DORIA_MEDINA:linkedin,P_SAMUEL_DORIA_MEDINA,linkedin,,PENDING,0,,
P_VICTOR_HUGO_CARDENAS:facebook,P_VICTOR_HUGO_CARDENAS,facebook,,PENDING,0,,
P_VICTOR_HUGO_CARDENAS:instagram,P_VICTOR_HUGO_CARDENAS,instagram,,PENDING,0,,
P_VICTOR_HUGO_CARDENAS:tiktok,P_VICTOR_HUGO_CARDENAS,tiktok,,PENDING,0,,
P_VICTOR_HUGO_CARDENAS:youtube,P_VICTOR_HUGO_CARDENAS,youtube,,PENDING,0,,
P_VICTOR_HUGO_CARDENAS:x,P_VICTOR_HUGO_CARDENAS,x,,PENDING,0,,
P_VICTOR_HUGO_CARDENAS:linkedin,P_VICTOR_HUGO_CARDENAS,linkedin,,PENDING,0,,
P_WILMA_ALANOCA_MAMANI:facebook,P_WILMA_ALANOCA_MAMANI,facebook,,PENDING,1,,
P_WILMA_ALANOCA_MAMANI:instagram,P_WILMA_ALANOCA_MAMANI,instagram,,PENDING,0,,
P_WILMA_ALANOCA_MAMANI:tiktok,P_WILMA_ALANOCA_MAMANI,tiktok,,PENDING,0,,
P_WILMA_ALANOCA_MAMANI:youtube,P_WILMA_ALANOCA_MAMANI,youtube,,PENDING,0,,
P_WILMA_ALANOCA_MAMANI:x,P_WILMA_ALANOCA_MAMANI,x,,PENDING,0,,
P_WILMA_ALANOCA_MAMANI:linkedin,P_WILMA_ALANOCA_MAMANI,linkedin,,PENDING,0,,
P_ALBERTO_GIMENEZ:facebook,P_ALBERTO_GIMENEZ,facebook,,PENDING,0,,
P_ALBERTO_GIMENEZ:instagram,P_ALBERTO_GIMENEZ,instagram,,PENDING,0,,
P_ALBERTO_GIMENEZ:tiktok,P_ALBERTO_GIMENEZ,tiktok,,PENDING,0,,
P_ALBERTO_GIMENEZ:youtube,P_ALBERTO_GIMENEZ,youtube,,PENDING,0,,
P_ALBERTO_GIMENEZ:x,P_ALBERTO_GIMENEZ,x,,PENDING,0,,
P_ALBERTO_GIMENEZ:linkedin,P_ALBERTO_GIMENEZ,linkedin,,PENDING,0,,
P_ANA_GUADALUPE_PERES_CAJIAS:facebook,P_ANA_GUADALUPE_PERES_CAJIAS,facebook,,PENDING,0,,
P_ANA_GUADALUPE_PERES_CAJIAS:instagram,P_ANA_GUADALUPE_PERES_CAJIAS,instagram,,PENDING,0,,
P_ANA_GUADALUPE_PERES_CAJIAS:tiktok,P_ANA_GUADALUPE_PERES_CAJIAS,tiktok,,PENDING,0,,
P_ANA_GUADALUPE_PERES_CAJIAS:youtube,P_ANA_GUADALUPE_PERES_CAJIAS,youtube,,PENDING,0,,
P_ANA_GUADALUPE_PERES_CAJIAS:x,P_ANA_GUADALUPE_PERES_CAJIAS,x,,PENDING,0,,
P_ANA_GUADALUPE_PERES_CAJIAS:linkedin,P_ANA_GUADALUPE_PERES_CAJIAS,linkedin,,PENDING,0,,
P_DAYANA_PEREZ:facebook,P_DAYANA_PEREZ,facebook,,PENDING,0,,
P_DAYANA_PEREZ:instagram,P_DAYANA_PEREZ,instagram,,PENDING,0,,
P_DAYANA_PEREZ:tiktok,P_DAYANA_PEREZ,tiktok,,PENDING,0,,
P_DAYANA_PEREZ:youtube,P_DAYANA_PEREZ,youtube,,PENDING,1,,
P_DAYANA_PEREZ:x,P_DAYANA_PEREZ,x,,PENDING,0,,
P_DAYANA_PEREZ:linkedin,P_DAYANA_PEREZ,linkedin,,PENDING,0,,
P_ESTELA_HERBAS_BAENY:facebook,P_ESTELA_HERBAS_BAENY,facebook,,PENDING,0,,
P_ESTELA_HERBAS_BAENY:instagram,P_ESTELA_HERBAS_BAENY,instagram,,PENDING,0,,
P_ESTELA_HERBAS_BAENY:tiktok,P_ESTELA_HERBAS_BAENY,tiktok,,PENDING,0,,
P_ESTELA_HERBAS_BAENY:youtube,P_ESTELA_HERBAS_BAENY,youtube,,PENDING,0,,
P_ESTELA_HERBAS_BAENY:x,P_ESTELA_HERBAS_BAENY,x,,PENDING,0,,
P_ESTELA_HERBAS_BAENY:linkedin,P_ESTELA_HERBAS_BAENY,linkedin,,PENDING,0,,
P_FREDDY_MAMANI_LAURA:facebook,P_FREDDY_MAMANI_LAURA,facebook,,PENDING,0,,
P_FREDDY_MAMANI_LAURA:instagram,P_FREDDY_MAMANI_LAURA,instagram,,PENDING,0,,
P_FREDDY_MAMANI_LAURA:tiktok,P_FREDDY_MAMANI_LAURA,tiktok,,PENDING,0,,
P_FREDDY_MAMANI_LAURA:youtube,P_FREDDY_MAMANI_LAURA,youtube,,PENDING,1,,
P_FREDDY_MAMANI_LAURA:x,P_FREDDY_MAMANI_LAURA,x,,PENDING,0,,
P_FREDDY_MAMANI_LAURA:linkedin,P_FREDDY_MAMANI_LAURA,linkedin,,PENDING,0,,
P_HELGA_GRUBERG_CAZON:facebook,P_HELGA_GRUBERG_CAZON,facebook,,PENDING,0,,
P_HELGA_GRUBERG_CAZON:instagram,P_HELGA_GRUBERG_CAZON,instagram,,PENDING,0,,
P_HELGA_GRUBERG_CAZON:tiktok,P_HELGA_GRUBERG_CAZON,tiktok,,PENDING,0,,
P_HELGA_GRUBERG_CAZON:youtube,P_HELGA_GRUBERG_CAZON,youtube,,PENDING,0,,
P_HELGA_GRUBERG_CAZON:x,P_HELGA_GRUBERG_CAZON,x,,PENDING,0,,
P_HELGA_GRUBERG_CAZON:linkedin,P_HELGA_GRUBERG_CAZON,linkedin,,PENDING,0,,
P_JAIME_LAREDO:facebook,P_JAIME_LAREDO,facebook,,PENDING,0,,
P_JAIME_LAREDO:instagram,P_JAIME_LAREDO,instagram,,PENDING,0,,
P_JAIME_LAREDO:tiktok,P_JAIME_LAREDO,tiktok,,PENDING,0,,
P_JAIME_LAREDO:youtube,P_JAIME_LAREDO,youtube,,PENDING,0,,
P_JAIME_LAREDO:x,P_JAIME_LAREDO,x,,PENDING,0,,
P_JAIME_LAREDO:linkedin,P_JAIME_LAREDO,linkedin,,PENDING,0,,
P_JUAN_CARLOS_ADUVIRI:facebook,P_JUAN_CARLOS_ADUVIRI,facebook,,PENDING,0,,
P_JUAN_CARLOS_ADUVIRI:instagram,P_JUAN_CARLOS_ADUVIRI,instagram,,PENDING,0,,
P_JUAN_CARLOS_ADUVIRI:tiktok,P_JUAN_CARLOS_ADUVIRI,tiktok,,PENDING,0,,
P_JUAN_CARLOS_ADUVIRI:youtube,P_JUAN_CARLOS_ADUVIRI,youtube,,PENDING,0,,
P_JUAN_CARLOS_ADUVIRI:x,P_JUAN_CARLOS_ADUVIRI,x,,PENDING,0,,
P_JUAN_CARLOS_ADUVIRI:linkedin,P_JUAN_CARLOS_ADUVIRI,linkedin,,PENDING,0,,
P_JUAN_CARLOS_TICONA:facebook,P_JUAN_CARLOS_TICONA,facebook,,PENDING,0,,
P_JUAN_CARLOS_TICONA:instagram,P_JUAN_CARLOS_TICONA,instagram,,PENDING,0,,
P_JUAN_CARLOS_TICONA:tiktok,P_JUAN_CARLOS_TICONA,tiktok,,PENDING,0,,
P_JUAN_CARLOS_TICONA:youtube,P_JUAN_CARLOS_TICONA,youtube,,PENDING,0,,
P_JUAN_CARLOS_TICONA:x,P_JUAN_CARLOS_TICONA,x,,PENDING,0,,
P_JUAN_CARLOS_TICONA:linkedin,P_JUAN_CARLOS_TICONA,linkedin,,PENDING,0,,
P_LUIS_H_CRISPIN:facebook,P_LUIS_H_CRISPIN,facebook,,PENDING,0,,
P_LUIS_H_CRISPIN:instagram,P_LUIS_H_CRISPIN,instagram,,PENDING,0,,
P_LUIS_H_CRISPIN:tiktok,P_LUIS_H_CRISPIN,tiktok,,PENDING,0,,
P_LUIS_H_CRISPIN:youtube,P_LUIS_H_CRISPIN,youtube,,PENDING,0,,
P_LUIS_H_CRISPIN:x,P_LUIS_H_CRISPIN,x,,PENDING,0,,
P_LUIS_H_CRISPIN:linkedin,P_LUIS_H_CRISPIN,linkedin,,PENDING,0,,
P_MARCELA_LOSANTOS_VELASCO:facebook,P_MARCELA_LOSANTOS_VELASCO,facebook,,PENDING,0,,
P_MARCELA_LOSANTOS_VELASCO:instagram,P_MARCELA_LOSANTOS_VELASCO,instagram,,PENDING,0,,
P_MARCELA_LOSANTOS_VELASCO:tiktok,P_MARCELA_LOSANTOS_VELASCO,tiktok,,PENDING,0,,
P_MARCELA_LOSANTOS_VELASCO:youtube,P_MARCELA_LOSANTOS_VELASCO,youtube,,PENDING,0,,
P_MARCELA_LOSANTOS_VELASCO:x,P_MARCELA_LOSANTOS_VELASCO,x,,PENDING,0,,
P_MARCELA_LOSANTOS_VELASCO:linkedin,P_MARCELA_LOSANTOS_VELASCO,linkedin,,PENDING,0,,
P_MARIA_TERESA_ALVAREZ:facebook,P_MARIA_TERESA_ALVAREZ,facebook,,PENDING,0,,
P_MARIA_TERESA_ALVAREZ:instagram,P_MARIA_TERESA_ALVAREZ,instagram,,PENDING,0,,
P_MARIA_TERESA_ALVAREZ:tiktok,P_MARIA_TERESA_ALVAREZ,tiktok,,PENDING,0,,
P_MARIA_TERESA_ALVAREZ:youtube,P_MARIA_TERESA_ALVAREZ,youtube,,PENDING,0,,
P_MARIA_TERESA_ALVAREZ:x,P_MARIA_TERESA_ALVAREZ,x,,PENDING,0,,
P_MARIA_TERESA_ALVAREZ:linkedin,P_MARIA_TERESA_ALVAREZ,linkedin,,PENDING,0,,
P_MONICA_X_GUZMAN_ROJO:facebook,P_MONICA_X_GUZMAN_ROJO,facebook,,PENDING,0,,
P_MONICA_X_GUZMAN_ROJO:instagram,P_MONICA_X_GUZMAN_ROJO,instagram,,PENDING,0,,
P_MONICA_X_GUZMAN_ROJO:tiktok,P_MONICA_X_GUZMAN_ROJO,tiktok,,PENDING,0,,
P_MONICA_X_GUZMAN_ROJO:youtube,P_MONICA_X_GUZMAN_ROJO,youtube,,PENDING,0,,
P_MONICA_X_GUZMAN_ROJO:x,P_MONICA_X_GUZMAN_ROJO,x,,PENDING,0,,
P_MONICA_X_GUZMAN_ROJO:linkedin,P_MONICA_X_GUZMAN_ROJO,linkedin,,PENDING,0,,
P_SILVIA_RIVERA_CUSICANQUI:facebook,P_SILVIA_RIVERA_CUSICANQUI,facebook,,PENDING,0,,
P_SILVIA_RIVERA_CUSICANQUI:instagram,P_SILVIA_RIVERA_CUSICANQUI,instagram,,PENDING,0,,
P_SILVIA_RIVERA_CUSICANQUI:tiktok,P_SILVIA_RIVERA_CUSICANQUI,tiktok,,PENDING,0,,
P_SILVIA_RIVERA_CUSICANQUI:youtube,P_SILVIA_RIVERA_CUSICANQUI,youtube,,PENDING,0,,
P_SILVIA_RIVERA_CUSICANQUI:x,P_SILVIA_RIVERA_CUSICANQUI,x,,PENDING,0,,
P_SILVIA_RIVERA_CUSICANQUI:linkedin,P_SILVIA_RIVERA_CUSICANQUI,linkedin,,PENDING,0,,
P_YURAN_CALANCHA:facebook,P_YURAN_CALANCHA,facebook,,PENDING,0,,
P_YURAN_CALANCHA:instagram,P_YURAN_CALANCHA,instagram,,PENDING,0,,
P_YURAN_CALANCHA:tiktok,P_YURAN_CALANCHA,tiktok,,PENDING,0,,
P_YURAN_CALANCHA:youtube,P_YURAN_CALANCHA,youtube,,PENDING,0,,
P_YURAN_CALANCHA:x,P_YURAN_CALANCHA,x,,PENDING,0,,
P_YURAN_CALANCHA:linkedin,P_YURAN_CALANCHA,linkedin,,PENDING,0,,
P_ALEJANDRO_CHUMACERO:facebook,P_ALEJANDRO_CHUMACERO,facebook,,PENDING,0,,
P_ALEJANDRO_CHUMACERO:instagram,P_ALEJANDRO_CHUMACERO,instagram,,PENDING,0,,
P_ALEJANDRO_CHUMACERO:tiktok,P_ALEJANDRO_CHUMACERO,tiktok,,PENDING,0,,
P_ALEJANDRO_CHUMACERO:youtube,P_ALEJANDRO_CHUMACERO,youtube,,PENDING,1,,
P_ALEJANDRO_CHUMACERO:x,P_ALEJANDRO_CHUMACERO,x,,PENDING,0,,
P_ALEJANDRO_CHUMACERO:linkedin,P_ALEJANDRO_CHUMACERO,linkedin,,PENDING,0,,
P_ALEJANDRO_MELEAN:facebook,P_ALEJANDRO_MELEAN,facebook,,PENDING,0,,
P_ALEJANDRO_MELEAN:instagram,P_ALEJANDRO_MELEAN,instagram,,PENDING,0,,
P_ALEJANDRO_MELEAN:tiktok,P_ALEJANDRO_MELEAN,tiktok,,PENDING,0,,
P_ALEJANDRO_MELEAN:youtube,P_ALEJANDRO_MELEAN,youtube,,PENDING,0,,
P_ALEJANDRO_MELEAN:x,P_ALEJANDRO_MELEAN,x,,PENDING,0,,
P_ALEJANDRO_MELEAN:linkedin,P_ALEJANDRO_MELEAN,linkedin,,PENDING,0,,
P_ALVARO_PENA:facebook,P_ALVARO_PENA,facebook,,PENDING,0,,
P_ALVARO_PENA:instagram,P_ALVARO_PENA,instagram,,PENDING,0,,
P_ALVARO_PENA:tiktok,P_ALVARO_PENA,tiktok,,PENDING,0,,
P_ALVARO_PENA:youtube,P_ALVARO_PENA,youtube,,PENDING,1,,
P_ALVARO_PENA:x,P_ALVARO_PENA,x,,PENDING,0,,
P_ALVARO_PENA:linkedin,P_ALVARO_PENA,linkedin,,PENDING,0,,
P_BRUNO_MIRANDA:facebook,P_BRUNO_MIRANDA,facebook,,PENDING,0,,
P_BRUNO_MIRANDA:instagram,P_BRUNO_MIRANDA,instagram,,PENDING,0,,
P_BRUNO_MIRANDA:tiktok,P_BRUNO_MIRANDA,tiktok,,PENDING,0,,
P_BRUNO_MIRANDA:youtube,P_BRUNO_MIRANDA,youtube,,PENDING,1,,
P_BRUNO_MIRANDA:x,P_BRUNO_MIRANDA,x,,PENDING,0,,
P_BRUNO_MIRANDA:linkedin,P_BRUNO_MIRANDA,linkedin,,PENDING,0,,
P_BRUNO_ROJAS:facebook,P_BRUNO_ROJAS,facebook,,PENDING,0,,
P_BRUNO_ROJAS:instagram,P_BRUNO_ROJAS,instagram,,PENDING,0,,
P_BRUNO_ROJAS:tiktok,P_BRUNO_ROJAS,tiktok,,PENDING,0,,
P_BRUNO_ROJAS:youtube,P_BRUNO_ROJAS,youtube,,PENDING,1,,
P_BRUNO_ROJAS:x,P_BRUNO_ROJAS,x,,PENDING,0,,
P_BRUNO_ROJAS:linkedin,P_BRUNO_ROJAS,linkedin,,PENDING,0,,
P_CARLOS_ARAGONES:facebook,P_CARLOS_ARAGONES,facebook,,PENDING,0,,
P_CARLOS_ARAGONES:instagram,P_CARLOS_ARAGONES,instagram,,PENDING,0,,
P_CARLOS_ARAGONES:tiktok,P_CARLOS_ARAGONES,tiktok,,PENDING,0,,
P_CARLOS_ARAGONES:youtube,P_CARLOS_ARAGONES,youtube,,PENDING,1,,
P_CARLOS_ARAGONES:x,P_CARLOS_ARAGONES,x,,PENDING,0,,
P_CARLOS_ARAGONES:linkedin,P_CARLOS_ARAGONES,linkedin,,PENDING,0,,
P_CARLOS_ERWIN_ARIAS:facebook,P_CARLOS_ERWIN_ARIAS,facebook,,PENDING,0,,
P_CARLOS_ERWIN_ARIAS:instagram,P_CARLOS_ERWIN_ARIAS,instagram,,PENDING,0,,
P_CARLOS_ERWIN_ARIAS:tiktok,P_CARLOS_ERWIN_ARIAS,tiktok,,PENDING,0,,
P_CARLOS_ERWIN_ARIAS:youtube,P_CARLOS_ERWIN_ARIAS,youtube,,PENDING,0,,
P_CARLOS_ERWIN_ARIAS:x,P_CARLOS_ERWIN_ARIAS,x,,PENDING,0,,
P_CARLOS_ERWIN_ARIAS:linkedin,P_CARLOS_ERWIN_ARIAS,linkedin,,PENDING,0,,
P_CARLOS_LAMPE:facebook,P_CARLOS_LAMPE,facebook,,PENDING,0,,
P_CARLOS_LAMPE:instagram,P_CARLOS_LAMPE,instagram,,PENDING,0,,
P_CARLOS_LAMPE:tiktok,P_CARLOS_LAMPE,tiktok,,PENDING,0,,
P_CARLOS_LAMPE:youtube,P_CARLOS_LAMPE,youtube,,PENDING,0,,
P_CARLOS_LAMPE:x,P_CARLOS_LAMPE,x,,PENDING,0,,
P_CARLOS_LAMPE:linkedin,P_CARLOS_LAMPE,linkedin,,PENDING,0,,
P_CARLOS_SAUCEDO:facebook,P_CARLOS_SAUCEDO,facebook,,PENDING,0,,
P_CARLOS_SAUCEDO:instagram,P_CARLOS_SAUCEDO,instagram,,PENDING,0,,
P_CARLOS_SAUCEDO:tiktok,P_CARLOS_SAUCEDO,tiktok,,PENDING,0,,
P_CARLOS_SAUCEDO:youtube,P_CARLOS_SAUCEDO,youtube,,PENDING,0,,
P_CARLOS_SAUCEDO:x,P_CARLOS_SAUCEDO,x,,PENDING,0,,
P_CARLOS_SAUCEDO:linkedin,P_CARLOS_SAUCEDO,linkedin,,PENDING,0,,
P_CARLOS_TRUCCO:facebook,P_CARLOS_TRUCCO,facebook,,PENDING,0,,
P_CARLOS_TRUCCO:instagram,P_CARLOS_TRUCCO,instagram,,PENDING,0,,
P_CARLOS_TRUCCO:tiktok,P_CARLOS_TRUCCO,tiktok,,PENDING,0,,
P_CARLOS_TRUCCO:youtube,P_CARLOS_TRUCCO,youtube,,PENDING,0,,
P_CARLOS_TRUCCO:x,P_CARLOS_TRUCCO,x,,PENDING,0,,
P_CARLOS_TRUCCO:linkedin,P_CARLOS_TRUCCO,linkedin,,PENDING,0,,
P_DAMIAN_LIZIO:facebook,P_DAMIAN_LIZIO,facebook,,PENDING,0,,
P_DAMIAN_LIZIO:instagram,P_DAMIAN_LIZIO,instagram,,PENDING,0,,
P_DAMIAN_LIZIO:tiktok,P_DAMIAN_LIZIO,tiktok,,PENDING,0,,
P_DAMIAN_LIZIO:youtube,P_DAMIAN_LIZIO,youtube,,PENDING,0,,
P_DAMIAN_LIZIO:x,P_DAMIAN_LIZIO,x,,PENDING,0,,
P_DAMIAN_LIZIO:linkedin,P_DAMIAN_LIZIO,linkedin,,PENDING,0,,
P_DANNY_BEJARANO:facebook,P_DANNY_BEJARANO,facebook,,PENDING,0,,
P_DANNY_BEJARANO:instagram,P_DANNY_BEJARANO,instagram,,PENDING,0,,
P_DANNY_BEJARANO:tiktok,P_DANNY_BEJARANO,tiktok,,PENDING,0,,
P_DANNY_BEJARANO:youtube,P_DANNY_BEJARANO,youtube,,PENDING,1,,
P_DANNY_BEJARANO:x,P_DANNY_BEJARANO,x,,PENDING,0,,
P_DANNY_BEJARANO:linkedin,P_DANNY_BEJARANO,linkedin,,PENDING,0,,
P_DARIO_ROJAS:facebook,P_DARIO_ROJAS,facebook,,PENDING,0,,
P_DARIO_ROJAS:instagram,P_DARIO_ROJAS,instagram,,PENDING,0,,
P_DARIO_ROJAS:tiktok,P_DARIO_ROJAS,tiktok,,PENDING,0,,
P_DARIO_ROJAS:youtube,P_DARIO_ROJAS,youtube,,PENDING,0,,
P_DARIO_ROJAS:x,P_DARIO_ROJAS,x,,PENDING,0,,
P_DARIO_ROJAS:linkedin,P_DARIO_ROJAS,linkedin,,PENDING,0,,
P_DIEGO_BEJARANO:facebook,P_DIEGO_BEJARANO,facebook,,PENDING,0,,
P_DIEGO_BEJARANO:instagram,P_DIEGO_BEJARANO,instagram,,PENDING,0,,
P_DIEGO_BEJARANO:tiktok,P_DIEGO_BEJARANO,tiktok,,PENDING,0,,
P_DIEGO_BEJARANO:youtube,P_DIEGO_BEJARANO,youtube,,PENDING,1,,
P_DIEGO_BEJARANO:x,P_DIEGO_BEJARANO,x,,PENDING,0,,
P_DIEGO_BEJARANO:linkedin,P_DIEGO_BEJARANO,linkedin,,PENDING,0,,
P_EDIVALDO_ROJAS_HERMOZA:facebook,P_EDIVALDO_ROJAS_HERMOZA,facebook,,PENDING,0,,
P_EDIVALDO_ROJAS_HERMOZA:instagram,P_EDIVALDO_ROJAS_HERMOZA,instagram,,PENDING,0,,
P_EDIVALDO_ROJAS_HERMOZA:tiktok,P_EDIVALDO_ROJAS_HERMOZA,tiktok,,PENDING,0,,
P_EDIVALDO_ROJAS_HERMOZA:youtube,P_EDIVALDO_ROJAS_HERMOZA,youtube,,PENDING,0,,
P_EDIVALDO_ROJAS_HERMOZA:x,P_EDIVALDO_ROJAS_HERMOZA,x,,PENDING,0,,
P_EDIVALDO_ROJAS_HERMOZA:linkedin,P_EDIVALDO_ROJAS_HERMOZA,linkedin,,PENDING,0,,
P_EDWARD_ZENTENO:facebook,P_EDWARD_ZENTENO,facebook,,PENDING,0,,
P_EDWARD_ZENTENO:instagram,P_EDWARD_ZENTENO,instagram,,PENDING,0,,
P_EDWARD_ZENTENO:tiktok,P_EDWARD_ZENTENO,tiktok,,PENDING,0,,
P_EDWARD_ZENTENO:youtube,P_EDWARD_ZENTENO,youtube,,PENDING,0,,
P_EDWARD_ZENTENO:x,P_EDWARD_ZENTENO,x,,PENDING,0,,
P_EDWARD_ZENTENO:linkedin,P_EDWARD_ZENTENO,linkedin,,PENDING,0,,
P_ERWIN_SAAVEDRA:facebook,P_ERWIN_SAAVEDRA,facebook,,PENDING,0,,
P_ERWIN_SAAVEDRA:instagram,P_ERWIN_SAAVEDRA,instagram,,PENDING,0,,
P_ERWIN_SAAVEDRA:tiktok,P_ERWIN_SAAVEDRA,tiktok,,PENDING,0,,
P_ERWIN_SAAVEDRA:youtube,P_ERWIN_SAAVEDRA,youtube,,PENDING,1,,
P_ERWIN_SAAVEDRA:x,P_ERWIN_SAAVEDRA,x,,PENDING,0,,
P_ERWIN_SAAVEDRA:linkedin,P_ERWIN_SAAVEDRA,linkedin,,PENDING,0,,
P_ERWIN_SANCHEZ:facebook,P_ERWIN_SANCHEZ,facebook,,PENDING,0,,
P_ERWIN_SANCHEZ:instagram,P_ERWIN_SANCHEZ,instagram,,PENDING,0,,
P_ERWIN_SANCHEZ:tiktok,P_ERWIN_SANCHEZ,tiktok,,PENDING,0,,
P_ERWIN_SANCHEZ:youtube,P_ERWIN_SANCHEZ,youtube,,PENDING,0,,
P_ERWIN_SANCHEZ:x,P_ERWIN_SANCHEZ,x,,PENDING,0,,
P_ERWIN_SANCHEZ:linkedin,P_ERWIN_SANCHEZ,linkedin,,PENDING,0,,
P_FERNANDO_SAUCEDO:facebook,P_FERNANDO_SAUCEDO,facebook,,PENDING,0,,
P_FERNANDO_SAUCEDO:instagram,P_FERNANDO_SAUCEDO,instagram,,PENDING,0,,
P_FERNANDO_SAUCEDO:tiktok,P_FERNANDO_SAUCEDO,tiktok,,PENDING,0,,
P_FERNANDO_SAUCEDO:youtube,P_FERNANDO_SAUCEDO,youtube,,PENDING,0,,
P_FERNANDO_SAUCEDO:x,P_FERNANDO_SAUCEDO,x,,PENDING,0,,
P_FERNANDO_SAUCEDO:linkedin,P_FERNANDO_SAUCEDO,linkedin,,PENDING,0,,
P_GUILLERMO_VISCARRA_BRUCKNER:facebook,P_GUILLERMO_VISCARRA_BRUCKNER,facebook,,PENDING,0,,
P_GUILLERMO_VISCARRA_BRUCKNER:instagram,P_GUILLERMO_VISCARRA_BRUCKNER,instagram,,PENDING,0,,
P_GUILLERMO_VISCARRA_BRUCKNER:tiktok,P_GUILLERMO_VISCARRA_BRUCKNER,tiktok,,PENDING,0,,
P_GUILLERMO_VISCARRA_BRUCKNER:youtube,P_GUILLERMO_VISCARRA_BRUCKNER,youtube,,PENDING,0,,
P_GUILLERMO_VISCARRA_BRUCKNER:x,P_GUILLERMO_VISCARRA_BRUCKNER,x,,PENDING,0,,
P_GUILLERMO_VISCARRA_BRUCKNER:linkedin,P_GUILLERMO_VISCARRA_BRUCKNER,linkedin,,PENDING,0,,
P_HENRY_VACA:facebook,P_HENRY_VACA,facebook,,PENDING,0,,
P_HENRY_VACA:instagram,P_HENRY_VACA,instagram,,PENDING,0,,
P_HENRY_VACA:tiktok,P_HENRY_VACA,tiktok,,PENDING,0,,
P_HENRY_VACA:youtube,P_HENRY_VACA,youtube,,PENDING,1,,
P_HENRY_VACA:x,P_HENRY_VACA,x,,PENDING,0,,
P_HENRY_VACA:linkedin,P_HENRY_VACA,linkedin,,PENDING,0,,
P_JAIME_MORENO:facebook,P_JAIME_MORENO,facebook,,PENDING,0,,
P_JAIME_MORENO:instagram,P_JAIME_MORENO,instagram,,PENDING,0,,
P_JAIME_MORENO:tiktok,P_JAIME_MORENO,tiktok,,PENDING,0,,
P_JAIME_MORENO:youtube,P_JAIME_MORENO,youtube,,PENDING,0,,
P_JAIME_MORENO:x,P_JAIME_MORENO,x,,PENDING,0,,
P_JAIME_MORENO:linkedin,P_JAIME_MORENO,linkedin,,PENDING,0,,
P_JHASMANI_CAMPOS:facebook,P_JHASMANI_CAMPOS,facebook,,PENDING,0,,
P_JHASMANI_CAMPOS:instagram,P_JHASMANI_CAMPOS,instagram,,PENDING,0,,
P_JHASMANI_CAMPOS:tiktok,P_JHASMANI_CAMPOS,tiktok,,PENDING,0,,
P_JHASMANI_CAMPOS:youtube,P_JHASMANI_CAMPOS,youtube,,PENDING,0,,
P_JHASMANI_CAMPOS:x,P_JHASMANI_CAMPOS,x,,PENDING,0,,
P_JHASMANI_CAMPOS:linkedin,P_JHASMANI_CAMPOS,linkedin,,PENDING,0,,
P_JOAQUIN_BOTERO:facebook,P_JOAQUIN_BOTERO,facebook,,PENDING,0,,
P_JOAQUIN_BOTERO:instagram,P_JOAQUIN_BOTERO,instagram,,PENDING,0,,
P_JOAQUIN_BOTERO:tiktok,P_JOAQUIN_BOTERO,tiktok,,PENDING,0,,
P_JOAQUIN_BOTERO:youtube,P_JOAQUIN_BOTERO,youtube,,PENDING,0,,
P_JOAQUIN_BOTERO:x,P_JOAQUIN_BOTERO,x,,PENDING,0,,
P_JOAQUIN_BOTERO:linkedin,P_JOAQUIN_BOTERO,linkedin,,PENDING,0,,
P_JOSE_AUGUSTO_TORRES_GIL:facebook,P_JOSE_AUGUSTO_TORRES_GIL,facebook,,PENDING,0,,
P_JOSE_AUGUSTO_TORRES_GIL:instagram,P_JOSE_AUGUSTO_TORRES_GIL,instagram,,PENDING,1,,
P_JOSE_AUGUSTO_TORRES_GIL:tiktok,P_JOSE_AUGUSTO_TORRES_GIL,tiktok,,PENDING,0,,
P_JOSE_AUGUSTO_TORRES_GIL:youtube,P_JOSE_AUGUSTO_TORRES_GIL,youtube,,PENDING,0,,
P_JOSE_AUGUSTO_TORRES_GIL:x,P_JOSE_AUGUSTO_TORRES_GIL,x,,PENDING,0,,
P_JOSE_AUGUSTO_TORRES_GIL:linkedin,P_JOSE_AUGUSTO_TORRES_GIL,linkedin,,PENDING,0,,
P_JOSE_SAGREDO:facebook,P_JOSE_SAGREDO,facebook,,PENDING,0,,
P_JOSE_SAGREDO:instagram,P_JOSE_SAGREDO,instagram,,PENDING,0,,
P_JOSE_SAGREDO:tiktok,P_JOSE_SAGREDO,tiktok,,PENDING,0,,
P_JOSE_SAGREDO:youtube,P_JOSE_SAGREDO,youtube,,PENDING,0,,
P_JOSE_SAGREDO:x,P_JOSE_SAGREDO,x,,PENDING,0,,
P_JOSE_SAGREDO:linkedin,P_JOSE_SAGREDO,linkedin,,PENDING,0,,
P_JOSELITO_VACA:facebook,P_JOSELITO_VACA,facebook,,PENDING,0,,
P_JOSELITO_VACA:instagram,P_JOSELITO_VACA,instagram,,PENDING,0,,
P_JOSELITO_VACA:tiktok,P_JOSELITO_VACA,tiktok,,PENDING,0,,
P_JOSELITO_VACA:youtube,P_JOSELITO_VACA,youtube,,PENDING,0,,
P_JOSELITO_VACA:x,P_JOSELITO_VACA,x,,PENDING,0,,
P_JOSELITO_VACA:linkedin,P_JOSELITO_VACA,linkedin,,PENDING,0,,
P_JUAN_CARLOS_ARCE:facebook,P_JUAN_CARLOS_ARCE,facebook,,PENDING,0,,
P_JUAN_CARLOS_ARCE:instagram,P_JUAN_CARLOS_ARCE,instagram,,PENDING,0,,
P_JUAN_CARLOS_ARCE:tiktok,P_JUAN_CARLOS_ARCE,tiktok,,PENDING,0,,
P_JUAN_CARLOS_ARCE:youtube,P_JUAN_CARLOS_ARCE,youtube,,PENDING,0,,
P_JUAN_CARLOS_ARCE:x,P_JUAN_CARLOS_ARCE,x,,PENDING,0,,
P_JUAN_CARLOS_ARCE:linkedin,P_JUAN_CARLOS_ARCE,linkedin,,PENDING,0,,
P_JUAN_MANUEL_PENA_MONTANO:facebook,P_JUAN_MANUEL_PENA_MONTANO,facebook,,PENDING,0,,
P_JUAN_MANUEL_PENA_MONTANO:instagram,P_JUAN_MANUEL_PENA_MONTANO,instagram,,PENDING,0,,
P_JUAN_MANUEL_PENA_MONTANO:tiktok,P_JUAN_MANUEL_PENA_MONTANO,tiktok,,PENDING,0,,
P_JUAN_MANUEL_PENA_MONTANO:youtube,P_JUAN_MANUEL_PENA_MONTANO,youtube,,PENDING,0,,
P_JUAN_MANUEL_PENA_MONTANO:x,P_JUAN_MANUEL_PENA_MONTANO,x,,PENDING,0,,
P_JUAN_MANUEL_PENA_MONTANO:linkedin,P_JUAN_MANUEL_PENA_MONTANO,linkedin,,PENDING,0,,
P_JULIO_CESAR_BALDIVIESO:facebook,P_JULIO_CESAR_BALDIVIESO,facebook,,PENDING,0,,
P_JULIO_CESAR_BALDIVIESO:instagram,P_JULIO_CESAR_BALDIVIESO,instagram,,PENDING,0,,
P_JULIO_CESAR_BALDIVIESO:tiktok,P_JULIO_CESAR_BALDIVIESO,tiktok,,PENDING,0,,
P_JULIO_CESAR_BALDIVIESO:youtube,P_JULIO_CESAR_BALDIVIESO,youtube,,PENDING,0,,
P_JULIO_CESAR_BALDIVIESO:x,P_JULIO_CESAR_BALDIVIESO,x,,PENDING,0,,
P_JULIO_CESAR_BALDIVIESO:linkedin,P_JULIO_CESAR_BALDIVIESO,linkedin,,PENDING,0,,
P_LEONEL_JUSTINIANO:facebook,P_LEONEL_JUSTINIANO,facebook,,PENDING,0,,
P_LEONEL_JUSTINIANO:instagram,P_LEONEL_JUSTINIANO,instagram,,PENDING,0,,
P_LEONEL_JUSTINIANO:tiktok,P_LEONEL_JUSTINIANO,tiktok,,PENDING,0,,
P_LEONEL_JUSTINIANO:youtube,P_LEONEL_JUSTINIANO,youtube,,PENDING,1,,
P_LEONEL_JUSTINIANO:x,P_LEONEL_JUSTINIANO,x,,PENDING,0,,
P_LEONEL_JUSTINIANO:linkedin,P_LEONEL_JUSTINIANO,linkedin,,PENDING,0,,
P_LEONEL_MORALES:facebook,P_LEONEL_MORALES,facebook,,PENDING,0,,
P_LEONEL_MORALES:instagram,P_LEONEL_MORALES,instagram,,PENDING,0,,
P_LEONEL_MORALES:tiktok,P_LEONEL_MORALES,tiktok,,PENDING,0,,
P_LEONEL_MORALES:youtube,P_LEONEL_MORALES,youtube,,PENDING,1,,
P_LEONEL_MORALES:x,P_LEONEL_MORALES,x,,PENDING,0,,
P_LEONEL_MORALES:linkedin,P_LEONEL_MORALES,linkedin,,PENDING,0,,
P_LORGIO_ALVAREZ:facebook,P_LORGIO_ALVAREZ,facebook,,PENDING,0,,
P_LORGIO_ALVAREZ:instagram,P_LORGIO_ALVAREZ,instagram,,PENDING,0,,
P_LORGIO_ALVAREZ:tiktok,P_LORGIO_ALVAREZ,tiktok,,PENDING,0,,
P_LORGIO_ALVAREZ:youtube,P_LORGIO_ALVAREZ,youtube,,PENDING,0,,
P_LORGIO_ALVAREZ:x,P_LORGIO_ALVAREZ,x,,PENDING,0,,
P_LORGIO_ALVAREZ:linkedin,P_LORGIO_ALVAREZ,linkedin,,PENDING,0,,
P_LUIS_ALBERTO_GUTIERREZ:facebook,P_LUIS_ALBERTO_GUTIERREZ,facebook,,PENDING,0,,
P_LUIS_ALBERTO_GUTIERREZ:instagram,P_LUIS_ALBERTO_GUTIERREZ,instagram,,PENDING,0,,
P_LUIS_ALBERTO_GUTIERREZ:tiktok,P_LUIS_ALBERTO_GUTIERREZ,tiktok,,PENDING,0,,
P_LUIS_ALBERTO_GUTIERREZ:youtube,P_LUIS_ALBERTO_GUTIERREZ,youtube,,PENDING,0,,
P_LUIS_ALBERTO_GUTIERREZ:x,P_LUIS_ALBERTO_GUTIERREZ,x,,PENDING,0,,
P_LUIS_ALBERTO_GUTIERREZ:linkedin,P_LUIS_ALBERTO_GUTIERREZ,linkedin,,PENDING,0,,
P_LUIS_CRISTALDO:facebook,P_LUIS_CRISTALDO,facebook,,PENDING,0,,
P_LUIS_CRISTALDO:instagram,P_LUIS_CRISTALDO,instagram,,PENDING,0,,
P_LUIS_CRISTALDO:tiktok,P_LUIS_CRISTALDO,tiktok,,PENDING,0,,
P_LUIS_CRISTALDO:youtube,P_LUIS_CRISTALDO,youtube,,PENDING,0,,
P_LUIS_CRISTALDO:x,P_LUIS_CRISTALDO,x,,PENDING,0,,
P_LUIS_CRISTALDO:linkedin,P_LUIS_CRISTALDO,linkedin,,PENDING,0,,
P_LUIS_HAQUIN:facebook,P_LUIS_HAQUIN,facebook,,PENDING,0,,
P_LUIS_HAQUIN:instagram,P_LUIS_HAQUIN,instagram,,PENDING,1,,
P_LUIS_HAQUIN:tiktok,P_LUIS_HAQUIN,tiktok,,PENDING,0,,
P_LUIS_HAQUIN:youtube,P_LUIS_HAQUIN,youtube,,PENDING,0,,
P_LUIS_HAQUIN:x,P_LUIS_HAQUIN,x,,PENDING,0,,
P_LUIS_HAQUIN:linkedin,P_LUIS_HAQUIN,linkedin,,PENDING,0,,
P_MARCELO_MARTINS_MORENO:facebook,P_MARCELO_MARTINS_MORENO,facebook,,PENDING,0,,
P_MARCELO_MARTINS_MORENO:instagram,P_MARCELO_MARTINS_MORENO,instagram,,PENDING,1,,
P_MARCELO_MARTINS_MORENO:tiktok,P_MARCELO_MARTINS_MORENO,tiktok,,PENDING,0,,
P_MARCELO_MARTINS_MORENO:youtube,P_MARCELO_MARTINS_MORENO,youtube,,PENDING,0,,
P_MARCELO_MARTINS_MORENO:x,P_MARCELO_MARTINS_MORENO,x,,PENDING,0,,
P_MARCELO_MARTINS_MORENO:linkedin,P_MARCELO_MARTINS_MORENO,linkedin,,PENDING,0,,
P_MARCELO_TORRICO:facebook,P_MARCELO_TORRICO,facebook,,PENDING,0,,
P_MARCELO_TORRICO:instagram,P_MARCELO_TORRICO,instagram,,PENDING,0,,
P_MARCELO_TORRICO:tiktok,P_MARCELO_TORRICO,tiktok,,PENDING,0,,
P_MARCELO_TORRICO:youtube,P_MARCELO_TORRICO,youtube,,PENDING,1,,
P_MARCELO_TORRICO:x,P_MARCELO_TORRICO,x,,PENDING,0,,
P_MARCELO_TORRICO:linkedin,P_MARCELO_TORRICO,linkedin,,PENDING,0,,
P_MARCO_ETCHEVERRY:facebook,P_MARCO_ETCHEVERRY,facebook,,PENDING,0,,
P_MARCO_ETCHEVERRY:instagram,P_MARCO_ETCHEVERRY,instagram,,PENDING,0,,
P_MARCO_ETCHEVERRY:tiktok,P_MARCO_ETCHEVERRY,tiktok,,PENDING,0,,
P_MARCO_ETCHEVERRY:youtube,P_MARCO_ETCHEVERRY,youtube,,PENDING,0,,
P_MARCO_ETCHEVERRY:x,P_MARCO_ETCHEVERRY,x,,PENDING,0,,
P_MARCO_ETCHEVERRY:linkedin,P_MARCO_ETCHEVERRY,linkedin,,PENDING,0,,
P_MARCO_SANDY:facebook,P_MARCO_SANDY,facebook,,PENDING,0,,
P_MARCO_SANDY:instagram,P_MARCO_SANDY,instagram,,PENDING,0,,
P_MARCO_SANDY:tiktok,P_MARCO_SANDY,tiktok,,PENDING,0,,
P_MARCO_SANDY:youtube,P_MARCO_SANDY,youtube,,PENDING,0,,
P_MARCO_SANDY:x,P_MARCO_SANDY,x,,PENDING,0,,
P_MARCO_SANDY:linkedin,P_MARCO_SANDY,linkedin,,PENDING,0,,
P_MARIO_PINEDO:facebook,P_MARIO_PINEDO,facebook,,PENDING,0,,
P_MARIO_PINEDO:instagram,P_MARIO_PINEDO,instagram,,PENDING,0,,
P_MARIO_PINEDO:tiktok,P_MARIO_PINEDO,tiktok,,PENDING,0,,
P_MARIO_PINEDO:youtube,P_MARIO_PINEDO,youtube,,PENDING,0,,
P_MARIO_PINEDO:x,P_MARIO_PINEDO,x,,PENDING,0,,
P_MARIO_PINEDO:linkedin,P_MARIO_PINEDO,linkedin,,PENDING,0,,
P_MARTIN_SMEDBERG_DALENCE:facebook,P_MARTIN_SMEDBERG_DALENCE,facebook,,PENDING,0,,
P_MARTIN_SMEDBERG_DALENCE:instagram,P_MARTIN_SMEDBERG_DALENCE,instagram,,PENDING,0,,
P_MARTIN_SMEDBERG_DALENCE:tiktok,P_MARTIN_SMEDBERG_DALENCE,tiktok,,PENDING,0,,
P_MARTIN_SMEDBERG_DALENCE:youtube,P_MARTIN_SMEDBERG_DALENCE,youtube,,PENDING,0,,
P_MARTIN_SMEDBERG_DALENCE:x,P_MARTIN_SMEDBERG_DALENCE,x,,PENDING,0,,
P_MARTIN_SMEDBERG_DALENCE:linkedin,P_MARTIN_SMEDBERG_DALENCE,linkedin,,PENDING,0,,
P_MARVIN_BEJARANO:facebook,P_MARVIN_BEJARANO,facebook,,PENDING,0,,
P_MARVIN_BEJARANO:instagram,P_MARVIN_BEJARANO,instagram,,PENDING,0,,
P_MARVIN_BEJARANO:tiktok,P_MARVIN_BEJARANO,tiktok,,PENDING,0,,
P_MARVIN_BEJARANO:youtube,P_MARVIN_BEJARANO,youtube,,PENDING,0,,
P_MARVIN_BEJARANO:x,P_MARVIN_BEJARANO,x,,PENDING,0,,
P_MARVIN_BEJARANO:linkedin,P_MARVIN_BEJARANO,linkedin,,PENDING,0,,
P_MAURICIO_BALDIVIESO:facebook,P_MAURICIO_BALDIVIESO,facebook,,PENDING,0,,
P_MAURICIO_BALDIVIESO:instagram,P_MAURICIO_BALDIVIESO,instagram,,PENDING,0,,
P_MAURICIO_BALDIVIESO:tiktok,P_MAURICIO_BALDIVIESO,tiktok,,PENDING,0,,
P_MAURICIO_BALDIVIESO:youtube,P_MAURICIO_BALDIVIESO,youtube,,PENDING,1,,
P_MAURICIO_BALDIVIESO:x,P_MAURICIO_BALDIVIESO,x,,PENDING,0,,
P_MAURICIO_BALDIVIESO:linkedin,P_MAURICIO_BALDIVIESO,linkedin,,PENDING,0,,
P_MAURICIO_RAMOS:facebook,P_MAURICIO_RAMOS,facebook,,PENDING,0,,
P_MAURICIO_RAMOS:instagram,P_MAURICIO_RAMOS,instagram,,PENDING,0,,
P_MAURICIO_RAMOS:tiktok,P_MAURICIO_RAMOS,tiktok,,PENDING,0,,
P_MAURICIO_RAMOS:youtube,P_MAURICIO_RAMOS,youtube,,PENDING,1,,
P_MAURICIO_RAMOS:x,P_MAURICIO_RAMOS,x,,PENDING,0,,
P_MAURICIO_RAMOS:linkedin,P_MAURICIO_RAMOS,linkedin,,PENDING,0,,
P_MAURICIO_SAUCEDO:facebook,P_MAURICIO_SAUCEDO,facebook,,PENDING,0,,
P_MAURICIO_SAUCEDO:instagram,P_MAURICIO_SAUCEDO,instagram,,PENDING,0,,
P_MAURICIO_SAUCEDO:tiktok,P_MAURICIO_SAUCEDO,tiktok,,PENDING,0,,
P_MAURICIO_SAUCEDO:youtube,P_MAURICIO_SAUCEDO,youtube,,PENDING,0,,
P_MAURICIO_SAUCEDO:x,P_MAURICIO_SAUCEDO,x,,PENDING,0,,
P_MAURICIO_SAUCEDO:linkedin,P_MAURICIO_SAUCEDO,linkedin,,PENDING,0,,
P_MAURICIO_SORIA:facebook,P_MAURICIO_SORIA,facebook,,PENDING,0,,
P_MAURICIO_SORIA:instagram,P_MAURICIO_SORIA,instagram,,PENDING,0,,
P_MAURICIO_SORIA:tiktok,P_MAURICIO_SORIA,tiktok,,PENDING,0,,
P_MAURICIO_SORIA:youtube,P_MAURICIO_SORIA,youtube,,PENDING,0,,
P_MAURICIO_SORIA:x,P_MAURICIO_SORIA,x,,PENDING,0,,
P_MAURICIO_SORIA:linkedin,P_MAURICIO_SORIA,linkedin,,PENDING,0,,
P_MIGUEL_RIMBA:facebook,P_MIGUEL_RIMBA,facebook,,PENDING,0,,
P_MIGUEL_RIMBA:instagram,P_MIGUEL_RIMBA,instagram,,PENDING,0,,
P_MIGUEL_RIMBA:tiktok,P_MIGUEL_RIMBA,tiktok,,PENDING,0,,
P_MIGUEL_RIMBA:youtube,P_MIGUEL_RIMBA,youtube,,PENDING,0,,
P_MIGUEL_RIMBA:x,P_MIGUEL_RIMBA,x,,PENDING,0,,
P_MIGUEL_RIMBA:linkedin,P_MIGUEL_RIMBA,linkedin,,PENDING,0,,
P_MILTON_COIMBRA:facebook,P_MILTON_COIMBRA,facebook,,PENDING,0,,
P_MILTON_COIMBRA:instagram,P_MILTON_COIMBRA,instagram,,PENDING,0,,
P_MILTON_COIMBRA:tiktok,P_MILTON_COIMBRA,tiktok,,PENDING,0,,
P_MILTON_COIMBRA:youtube,P_MILTON_COIMBRA,youtube,,PENDING,0,,
P_MILTON_COIMBRA:x,P_MILTON_COIMBRA,x,,PENDING,0,,
P_MILTON_COIMBRA:linkedin,P_MILTON_COIMBRA,linkedin,,PENDING,0,,
P_MODESTO_SORUCO:facebook,P_MODESTO_SORUCO,facebook,,PENDING,0,,
P_MODESTO_SORUCO:instagram,P_MODESTO_SORUCO,instagram,,PENDING,0,,
P_MODESTO_SORUCO:tiktok,P_MODESTO_SORUCO,tiktok,,PENDING,0,,
P_MODESTO_SORUCO:youtube,P_MODESTO_SORUCO,youtube,,PENDING,0,,
P_MODESTO_SORUCO:x,P_MODESTO_SORUCO,x,,PENDING,0,,
P_MODESTO_SORUCO:linkedin,P_MODESTO_SORUCO,linkedin,,PENDING,0,,
P_MOISES_PANIAGUA:facebook,P_MOISES_PANIAGUA,facebook,,PENDING,0,,
P_MOISES_PANIAGUA:instagram,P_MOISES_PANIAGUA,instagram,,PENDING,0,,
P_MOISES_PANIAGUA:tiktok,P_MOISES_PANIAGUA,tiktok,,PENDING,0,,
P_MOISES_PANIAGUA:youtube,P_MOISES_PANIAGUA,youtube,,PENDING,1,,
P_MOISES_PANIAGUA:x,P_MOISES_PANIAGUA,x,,PENDING,0,,
P_MOISES_PANIAGUA:linkedin,P_MOISES_PANIAGUA,linkedin,,PENDING,0,,
P_PABLO_JAVIER_PEREZ:facebook,P_PABLO_JAVIER_PEREZ,facebook,,PENDING,0,,
P_PABLO_JAVIER_PEREZ:instagram,P_PABLO_JAVIER_PEREZ,instagram,,PENDING,0,,
P_PABLO_JAVIER_PEREZ:tiktok,P_PABLO_JAVIER_PEREZ,tiktok,,PENDING,0,,
P_PABLO_JAVIER_PEREZ:youtube,P_PABLO_JAVIER_PEREZ,youtube,,PENDING,0,,
P_PABLO_JAVIER_PEREZ:x,P_PABLO_JAVIER_PEREZ,x,,PENDING,0,,
P_PABLO_JAVIER_PEREZ:linkedin,P_PABLO_JAVIER_PEREZ,linkedin,,PENDING,0,,
P_PEDRO_AZOGUE:facebook,P_PEDRO_AZOGUE,facebook,,PENDING,0,,
P_PEDRO_AZOGUE:instagram,P_PEDRO_AZOGUE,instagram,,PENDING,0,,
P_PEDRO_AZOGUE:tiktok,P_PEDRO_AZOGUE,tiktok,,PENDING,0,,
P_PEDRO_AZOGUE:youtube,P_PEDRO_AZOGUE,youtube,,PENDING,0,,
P_PEDRO_AZOGUE:x,P_PEDRO_AZOGUE,x,,PENDING,0,,
P_PEDRO_AZOGUE:linkedin,P_PEDRO_AZOGUE,linkedin,,PENDING,0,,
P_RAMIRO_VACA:facebook,P_RAMIRO_VACA,facebook,,PENDING,0,,
P_RAMIRO_VACA:instagram,P_RAMIRO_VACA,instagram,,PENDING,1,,
P_RAMIRO_VACA:tiktok,P_RAMIRO_VACA,tiktok,,PENDING,0,,
P_RAMIRO_VACA:youtube,P_RAMIRO_VACA,youtube,,PENDING,0,,
P_RAMIRO_VACA:x,P_RAMIRO_VACA,x,,PENDING,0,,
P_RAMIRO_VACA:linkedin,P_RAMIRO_VACA,linkedin,,PENDING,0,,
P_RICARDO_PEDRIEL:facebook,P_RICARDO_PEDRIEL,facebook,,PENDING,0,,
P_RICARDO_PEDRIEL:instagram,P_RICARDO_PEDRIEL,instagram,,PENDING,0,,
P_RICARDO_PEDRIEL:tiktok,P_RICARDO_PEDRIEL,tiktok,,PENDING,0,,
P_RICARDO_PEDRIEL:youtube,P_RICARDO_PEDRIEL,youtube,,PENDING,0,,
P_RICARDO_PEDRIEL:x,P_RICARDO_PEDRIEL,x,,PENDING,0,,
P_RICARDO_PEDRIEL:linkedin,P_RICARDO_PEDRIEL,linkedin,,PENDING,0,,
P_RODRIGO_RAMALLO:facebook,P_RODRIGO_RAMALLO,facebook,,PENDING,0,,
P_RODRIGO_RAMALLO:instagram,P_RODRIGO_RAMALLO,instagram,,PENDING,0,,
P_RODRIGO_RAMALLO:tiktok,P_RODRIGO_RAMALLO,tiktok,,PENDING,0,,
P_RODRIGO_RAMALLO:youtube,P_RODRIGO_RAMALLO,youtube,,PENDING,0,,
P_RODRIGO_RAMALLO:x,P_RODRIGO_RAMALLO,x,,PENDING,0,,
P_RODRIGO_RAMALLO:linkedin,P_RODRIGO_RAMALLO,linkedin,,PENDING,0,,
P_ROMEL_QUINONEZ:facebook,P_ROMEL_QUINONEZ,facebook,,PENDING,0,,
P_ROMEL_QUINONEZ:instagram,P_ROMEL_QUINONEZ,instagram,,PENDING,0,,
P_ROMEL_QUINONEZ:tiktok,P_ROMEL_QUINONEZ,tiktok,,PENDING,0,,
P_ROMEL_QUINONEZ:youtube,P_ROMEL_QUINONEZ,youtube,,PENDING,0,,
P_ROMEL_QUINONEZ:x,P_ROMEL_QUINONEZ,x,,PENDING,0,,
P_ROMEL_QUINONEZ:linkedin,P_ROMEL_QUINONEZ,linkedin,,PENDING,0,,
P_RONALD_EGUINO:facebook,P_RONALD_EGUINO,facebook,,PENDING,0,,
P_RONALD_EGUINO:instagram,P_RONALD_EGUINO,instagram,,PENDING,0,,
P_RONALD_EGUINO:tiktok,P_RONALD_EGUINO,tiktok,,PENDING,0,,
P_RONALD_EGUINO:youtube,P_RONALD_EGUINO,youtube,,PENDING,0,,
P_RONALD_EGUINO:x,P_RONALD_EGUINO,x,,PENDING,0,,
P_RONALD_EGUINO:linkedin,P_RONALD_EGUINO,linkedin,,PENDING,0,,
P_RONALD_RALDES:facebook,P_RONALD_RALDES,facebook,,PENDING,0,,
P_RONALD_RALDES:instagram,P_RONALD_RALDES,instagram,,PENDING,0,,
P_RONALD_RALDES:tiktok,P_RONALD_RALDES,tiktok,,PENDING,0,,
P_RONALD_RALDES:youtube,P_RONALD_RALDES,youtube,,PENDING,0,,
P_RONALD_RALDES:x,P_RONALD_RALDES,x,,PENDING,0,,
P_RONALD_RALDES:linkedin,P_RONALD_RALDES,linkedin,,PENDING,0,,
P_RUDY_CARDOZO:facebook,P_RUDY_CARDOZO,facebook,,PENDING,0,,
P_RUDY_CARDOZO:instagram,P_RUDY_CARDOZO,instagram,,PENDING,0,,
P_RUDY_CARDOZO:tiktok,P_RUDY_CARDOZO,tiktok,,PENDING,0,,
P_RUDY_CARDOZO:youtube,P_RUDY_CARDOZO,youtube,,PENDING,0,,
P_RUDY_CARDOZO:x,P_RUDY_CARDOZO,x,,PENDING,0,,
P_RUDY_CARDOZO:linkedin,P_RUDY_CARDOZO,linkedin,,PENDING,0,,
P_SAMUEL_GALINDO:facebook,P_SAMUEL_GALINDO,facebook,,PENDING,0,,
P_SAMUEL_GALINDO:instagram,P_SAMUEL_GALINDO,instagram,,PENDING,0,,
P_SAMUEL_GALINDO:tiktok,P_SAMUEL_GALINDO,tiktok,,PENDING,0,,
P_SAMUEL_GALINDO:youtube,P_SAMUEL_GALINDO,youtube,,PENDING,0,,
P_SAMUEL_GALINDO:x,P_SAMUEL_GALINDO,x,,PENDING,0,,
P_SAMUEL_GALINDO:linkedin,P_SAMUEL_GALINDO,linkedin,,PENDING,0,,
P_SEBASTIAN_GAMARRA:facebook,P_SEBASTIAN_GAMARRA,facebook,,PENDING,0,,
P_SEBASTIAN_GAMARRA:instagram,P_SEBASTIAN_GAMARRA,instagram,,PENDING,0,,
P_SEBASTIAN_GAMARRA:tiktok,P_SEBASTIAN_GAMARRA,tiktok,,PENDING,0,,
P_SEBASTIAN_GAMARRA:youtube,P_SEBASTIAN_GAMARRA,youtube,,PENDING,1,,
P_SEBASTIAN_GAMARRA:x,P_SEBASTIAN_GAMARRA,x,,PENDING,0,,
P_SEBASTIAN_GAMARRA:linkedin,P_SEBASTIAN_GAMARRA,linkedin,,PENDING,0,,
P_VICENTE_ARZE:facebook,P_VICENTE_ARZE,facebook,,PENDING,0,,
P_VICENTE_ARZE:instagram,P_VICENTE_ARZE,instagram,,PENDING,0,,
P_VICENTE_ARZE:tiktok,P_VICENTE_ARZE,tiktok,,PENDING,0,,
P_VICENTE_ARZE:youtube,P_VICENTE_ARZE,youtube,,PENDING,1,,
P_VICENTE_ARZE:x,P_VICENTE_ARZE,x,,PENDING,0,,
P_VICENTE_ARZE:linkedin,P_VICENTE_ARZE,linkedin,,PENDING,0,,
P_VLADIMIR_SORIA:facebook,P_VLADIMIR_SORIA,facebook,,PENDING,0,,
P_VLADIMIR_SORIA:instagram,P_VLADIMIR_SORIA,instagram,,PENDING,0,,
P_VLADIMIR_SORIA:tiktok,P_VLADIMIR_SORIA,tiktok,,PENDING,0,,
P_VLADIMIR_SORIA:youtube,P_VLADIMIR_SORIA,youtube,,PENDING,1,,
P_VLADIMIR_SORIA:x,P_VLADIMIR_SORIA,x,,PENDING,0,,
P_VLADIMIR_SORIA:linkedin,P_VLADIMIR_SORIA,linkedin,,PENDING,0,,
P_WILLIAM_RAMALLO:facebook,P_WILLIAM_RAMALLO,facebook,,PENDING,0,,
P_WILLIAM_RAMALLO:instagram,P_WILLIAM_RAMALLO,instagram,,PENDING,0,,
P_WILLIAM_RAMALLO:tiktok,P_WILLIAM_RAMALLO,tiktok,,PENDING,0,,
P_WILLIAM_RAMALLO:youtube,P_WILLIAM_RAMALLO,youtube,,PENDING,0,,
P_WILLIAM_RAMALLO:x,P_WILLIAM_RAMALLO,x,,PENDING,0,,
P_WILLIAM_RAMALLO:linkedin,P_WILLIAM_RAMALLO,linkedin,,PENDING,0,,
P_JOSH_REAVES:facebook,P_JOSH_REAVES,facebook,,PENDING,0,,
P_JOSH_REAVES:instagram,P_JOSH_REAVES,instagram,,PENDING,0,,
P_JOSH_REAVES:tiktok,P_JOSH_REAVES,tiktok,,PENDING,0,,
P_JOSH_REAVES:youtube,P_JOSH_REAVES,youtube,,PENDING,0,,
P_JOSH_REAVES:x,P_JOSH_REAVES,x,,PENDING,0,,
P_JOSH_REAVES:linkedin,P_JOSH_REAVES,linkedin,,PENDING,0,,
P_JUAN_JOSE_ZUNIGA:facebook,P_JUAN_JOSE_ZUNIGA,facebook,,PENDING,0,,
P_JUAN_JOSE_ZUNIGA:instagram,P_JUAN_JOSE_ZUNIGA,instagram,,PENDING,0,,
P_JUAN_JOSE_ZUNIGA:tiktok,P_JUAN_JOSE_ZUNIGA,tiktok,,PENDING,0,,
P_JUAN_JOSE_ZUNIGA:youtube,P_JUAN_JOSE_ZUNIGA,youtube,,PENDING,0,,
P_JUAN_JOSE_ZUNIGA:x,P_JUAN_JOSE_ZUNIGA,x,,PENDING,0,,
P_JUAN_JOSE_ZUNIGA:linkedin,P_JUAN_JOSE_ZUNIGA,linkedin,,PENDING,0,,
P_KATHRIN_BARBOZA_MARQUEZ:facebook,P_KATHRIN_BARBOZA_MARQUEZ,facebook,,PENDING,0,,
P_KATHRIN_BARBOZA_MARQUEZ:instagram,P_KATHRIN_BARBOZA_MARQUEZ,instagram,,PENDING,1,,
P_KATHRIN_BARBOZA_MARQUEZ:tiktok,P_KATHRIN_BARBOZA_MARQUEZ,tiktok,,PENDING,0,,
P_KATHRIN_BARBOZA_MARQUEZ:youtube,P_KATHRIN_BARBOZA_MARQUEZ,youtube,,PENDING,0,,
P_KATHRIN_BARBOZA_MARQUEZ:x,P_KATHRIN_BARBOZA_MARQUEZ,x,,PENDING,0,,
P_KATHRIN_BARBOZA_MARQUEZ:linkedin,P_KATHRIN_BARBOZA_MARQUEZ,linkedin,,PENDING,0,,
P_MARCO_BULACIA:facebook,P_MARCO_BULACIA,facebook,,PENDING,0,,
P_MARCO_BULACIA:instagram,P_MARCO_BULACIA,instagram,,PENDING,0,,
P_MARCO_BULACIA:tiktok,P_MARCO_BULACIA,tiktok,,PENDING,0,,
P_MARCO_BULACIA:youtube,P_MARCO_BULACIA,youtube,,PENDING,0,,
P_MARCO_BULACIA:x,P_MARCO_BULACIA,x,,PENDING,0,,
P_MARCO_BULACIA:linkedin,P_MARCO_BULACIA,linkedin,,PENDING,0,,
